file,canon_target,status_bucket,notes
canalizador-a-mezquita.html,https://canalizador-urgente.pt/canalizador-a-mezquita,e_self_ref_ok,
canalizador-abacas.html,https://canalizador-urgente.pt/canalizador-abacas,e_self_ref_ok,
canalizador-abambres.html,https://canalizador-urgente.pt/canalizador-abambres,e_self_ref_ok,
canalizador-abreiro.html,https://canalizador-urgente.pt/canalizador-abreiro,e_self_ref_ok,
canalizador-acoreira.html,https://canalizador-urgente.pt/canalizador-acoreira,e_self_ref_ok,
canalizador-adeganha.html,https://canalizador-urgente.pt/canalizador-adeganha,e_self_ref_ok,
canalizador-adorigo.html,https://canalizador-urgente.pt/canalizador-adorigo,e_self_ref_ok,
canalizador-adoufe.html,https://canalizador-urgente.pt/canalizador-adoufe,e_self_ref_ok,
canalizador-afonsim.html,https://canalizador-urgente.pt/canalizador-afonsim,e_self_ref_ok,
canalizador-agrobom.html,https://canalizador-urgente.pt/canalizador-agrobom,e_self_ref_ok,
canalizador-agrochao.html,https://canalizador-urgente.pt/canalizador-agrochao,e_self_ref_ok,
canalizador-agua-reves.html,https://canalizador-urgente.pt/canalizador-agua-reves,e_self_ref_ok,
canalizador-aguas-frias.html,https://canalizador-urgente.pt/canalizador-aguas-frias,e_self_ref_ok,
canalizador-aguas-vivas.html,https://canalizador-urgente.pt/canalizador-aguas-vivas,e_self_ref_ok,
canalizador-aguieira.html,https://canalizador-urgente.pt/canalizador-aguieira,e_self_ref_ok,
canalizador-aguieiras.html,https://canalizador-urgente.pt/canalizador-aguieiras,e_self_ref_ok,
canalizador-ala.html,https://canalizador-urgente.pt/canalizador-ala,e_self_ref_ok,
canalizador-albarellos.html,https://canalizador-urgente.pt/canalizador-albarellos,e_self_ref_ok,
canalizador-alcaices.html,https://canalizador-urgente.pt/canalizador-alcaices,e_self_ref_ok,
canalizador-alcarva.html,https://canalizador-urgente.pt/canalizador-alcarva,e_self_ref_ok,
canalizador-aldeia-vicosa.html,https://canalizador-urgente.pt/canalizador-aldeia-vicosa,e_self_ref_ok,
canalizador-aldeias.html,https://canalizador-urgente.pt/canalizador-aldeias,e_self_ref_ok,
canalizador-alfaiao.html,https://canalizador-urgente.pt/canalizador-alfaiao,e_self_ref_ok,
canalizador-alfandega-da-fe.html,https://canalizador-urgente.pt/canalizador-alfandega-da-fe,e_self_ref_ok,
canalizador-alfarela-de-jales.html,https://canalizador-urgente.pt/canalizador-alfarela-de-jales,e_self_ref_ok,
canalizador-alfndega-da-fe.html,https://canalizador-urgente.pt/canalizador-alfndega-da-fe,e_self_ref_ok,
canalizador-algeriz.html,https://canalizador-urgente.pt/canalizador-algeriz,e_self_ref_ok,
canalizador-algoso.html,https://canalizador-urgente.pt/canalizador-algoso,e_self_ref_ok,
canalizador-alijo.html,https://canalizador-urgente.pt/canalizador-urgente-alijo,a_hub_same_concelho,cible = hub urgence concelho officiel
canalizador-alimonde.html,https://canalizador-urgente.pt/canalizador-alimonde,e_self_ref_ok,
canalizador-aliviada.html,https://canalizador-urgente.pt/canalizador-aliviada,e_self_ref_ok,
canalizador-almendra.html,https://canalizador-urgente.pt/canalizador-almendra,e_self_ref_ok,
canalizador-almofala.html,https://canalizador-urgente.pt/canalizador-almofala,e_self_ref_ok,
canalizador-alturas-do-barroso.html,https://canalizador-urgente.pt/canalizador-alturas-do-barroso,e_self_ref_ok,
canalizador-alvacoes-do-corgo.html,https://canalizador-urgente.pt/canalizador-alvacoes-do-corgo,e_self_ref_ok,
canalizador-alvadia.html,https://canalizador-urgente.pt/canalizador-alvadia,e_self_ref_ok,
canalizador-alvaredos.html,https://canalizador-urgente.pt/canalizador-alvaredos,e_self_ref_ok,
canalizador-alvarelhos.html,https://canalizador-urgente.pt/canalizador-alvarelhos,e_self_ref_ok,
canalizador-alvendre.html,https://canalizador-urgente.pt/canalizador-alvendre,e_self_ref_ok,
canalizador-alverca-da-beira.html,https://canalizador-urgente.pt/canalizador-alverca-da-beira,e_self_ref_ok,
canalizador-alvites.html,https://canalizador-urgente.pt/canalizador-alvites,e_self_ref_ok,
canalizador-amarante.html,https://canalizador-urgente.pt/canalizador-amarante,e_self_ref_ok,
canalizador-amedo.html,https://canalizador-urgente.pt/canalizador-amedo,e_self_ref_ok,
canalizador-amendoeira.html,https://canalizador-urgente.pt/canalizador-amendoeira,e_self_ref_ok,
canalizador-amieiro.html,https://canalizador-urgente.pt/canalizador-amieiro,e_self_ref_ok,
canalizador-andavas.html,https://canalizador-urgente.pt/canalizador-andavas,e_self_ref_ok,
canalizador-andraes.html,https://canalizador-urgente.pt/canalizador-andraes,e_self_ref_ok,
canalizador-anelhe.html,https://canalizador-urgente.pt/canalizador-anelhe,e_self_ref_ok,
canalizador-angueira.html,https://canalizador-urgente.pt/canalizador-angueira,e_self_ref_ok,
canalizador-ansiaes.html,https://canalizador-urgente.pt/canalizador-ansiaes,e_self_ref_ok,
canalizador-antas.html,https://canalizador-urgente.pt/canalizador-antas,e_self_ref_ok,
canalizador-arcas.html,https://canalizador-urgente.pt/canalizador-arcas,e_self_ref_ok,
canalizador-arcosso.html,https://canalizador-urgente.pt/canalizador-arcosso,e_self_ref_ok,
canalizador-ardaos.html,https://canalizador-urgente.pt/canalizador-ardaos,e_self_ref_ok,
canalizador-argan.html,https://canalizador-urgente.pt/canalizador-argan,e_self_ref_ok,
canalizador-argana.html,https://canalizador-urgente.pt/canalizador-argana,e_self_ref_ok,
canalizador-argozelo.html,https://canalizador-urgente.pt/canalizador-argozelo,e_self_ref_ok,
canalizador-aricera.html,https://canalizador-urgente.pt/canalizador-aricera,e_self_ref_ok,
canalizador-armamar.html,https://canalizador-urgente.pt/canalizador-armamar,e_self_ref_ok,
canalizador-armoniz.html,https://canalizador-urgente.pt/canalizador-armoniz,e_self_ref_ok,
canalizador-arnas.html,https://canalizador-urgente.pt/canalizador-arnas,e_self_ref_ok,
canalizador-arrabalde-de-santo-antonio.html,https://canalizador-urgente.pt/canalizador-arrabalde-de-santo-antonio,e_self_ref_ok,
canalizador-arrabalde-do-poco.html,https://canalizador-urgente.pt/canalizador-arrabalde-do-poco,e_self_ref_ok,
canalizador-arrifana.html,https://canalizador-urgente.pt/canalizador-arrifana,e_self_ref_ok,
canalizador-arroios.html,https://canalizador-urgente.pt/canalizador-arroios,e_self_ref_ok,
canalizador-assares.html,https://canalizador-urgente.pt/canalizador-assares,e_self_ref_ok,
canalizador-atalaia.html,https://canalizador-urgente.pt/canalizador-atalaia,e_self_ref_ok,
canalizador-atenor.html,https://canalizador-urgente.pt/canalizador-atenor,e_self_ref_ok,
canalizador-autoclismo-alfandega-da-fe.html,https://canalizador-urgente.pt/canalizador-autoclismo-alfandega-da-fe,e_self_ref_ok,
canalizador-autoclismo-alijo.html,https://canalizador-urgente.pt/canalizador-urgente-alijo,a_hub_same_concelho,cible = hub urgence concelho officiel
canalizador-autoclismo-almendra.html,https://canalizador-urgente.pt/canalizador-autoclismo-almendra,e_self_ref_ok,
canalizador-autoclismo-amarante.html,https://canalizador-urgente.pt/canalizador-autoclismo-amarante,e_self_ref_ok,
canalizador-autoclismo-argozelo.html,https://canalizador-urgente.pt/canalizador-autoclismo-argozelo,e_self_ref_ok,
canalizador-autoclismo-armamar.html,https://canalizador-urgente.pt/canalizador-autoclismo-armamar,e_self_ref_ok,
canalizador-autoclismo-boticas.html,https://canalizador-urgente.pt/canalizador-autoclismo-boticas,e_self_ref_ok,
canalizador-autoclismo-braganca.html,https://canalizador-urgente.pt/canalizador-autoclismo-braganca,e_self_ref_ok,
canalizador-autoclismo-britiande.html,https://canalizador-urgente.pt/canalizador-autoclismo-britiande,e_self_ref_ok,
canalizador-autoclismo-cambres.html,https://canalizador-urgente.pt/canalizador-autoclismo-cambres,e_self_ref_ok,
canalizador-autoclismo-carrazeda-de-ansiaes.html,https://canalizador-urgente.pt/canalizador-autoclismo-carrazeda-de-ansiaes,e_self_ref_ok,
canalizador-autoclismo-carrazedo-de-montenegro.html,https://canalizador-urgente.pt/canalizador-autoclismo-carrazedo-de-montenegro,e_self_ref_ok,
canalizador-autoclismo-cedovim.html,https://canalizador-urgente.pt/canalizador-autoclismo-cedovim,e_self_ref_ok,
canalizador-autoclismo-cerva.html,https://canalizador-urgente.pt/canalizador-autoclismo-cerva,e_self_ref_ok,
canalizador-autoclismo-chaves.html,https://canalizador-urgente.pt/canalizador-autoclismo-chaves,e_self_ref_ok,
canalizador-autoclismo-cumieira.html,https://canalizador-urgente.pt/canalizador-autoclismo-cumieira,e_self_ref_ok,
canalizador-autoclismo-ervedosa-do-douro.html,https://canalizador-urgente.pt/canalizador-autoclismo-ervedosa-do-douro,e_self_ref_ok,
canalizador-autoclismo-favaios.html,https://canalizador-urgente.pt/canalizador-autoclismo-favaios,e_self_ref_ok,
canalizador-autoclismo-figueira-de-castelo-rodrigo.html,https://canalizador-urgente.pt/canalizador-autoclismo-figueira-de-castelo-rodrigo,e_self_ref_ok,
canalizador-autoclismo-freixo-de-espada-a-cinta.html,https://canalizador-urgente.pt/canalizador-autoclismo-freixo-de-espada-a-cinta,e_self_ref_ok,
canalizador-autoclismo-freixo-de-numao.html,https://canalizador-urgente.pt/canalizador-autoclismo-freixo-de-numao,e_self_ref_ok,
canalizador-autoclismo-izeda.html,https://canalizador-urgente.pt/canalizador-autoclismo-izeda,e_self_ref_ok,
canalizador-autoclismo-lalim.html,https://canalizador-urgente.pt/canalizador-autoclismo-lalim,e_self_ref_ok,
canalizador-autoclismo-lamego.html,https://canalizador-urgente.pt/canalizador-urgente-lamego,a_hub_same_concelho,cible = hub urgence concelho officiel
canalizador-autoclismo-lazarim.html,https://canalizador-urgente.pt/canalizador-autoclismo-lazarim,e_self_ref_ok,
canalizador-autoclismo-lixa.html,https://canalizador-urgente.pt/canalizador-autoclismo-lixa,e_self_ref_ok,
canalizador-autoclismo-lordelo.html,https://canalizador-urgente.pt/canalizador-autoclismo-lordelo,e_self_ref_ok,
canalizador-autoclismo-macedo-de-cavaleiros.html,https://canalizador-urgente.pt/canalizador-autoclismo-macedo-de-cavaleiros,e_self_ref_ok,
canalizador-autoclismo-marco-de-canaveses.html,https://canalizador-urgente.pt/canalizador-autoclismo-marco-de-canaveses,e_self_ref_ok,
canalizador-autoclismo-marialva.html,https://canalizador-urgente.pt/canalizador-autoclismo-marialva,e_self_ref_ok,
canalizador-autoclismo-mesao-frio.html,https://canalizador-urgente.pt/canalizador-autoclismo-mesao-frio,e_self_ref_ok,
canalizador-autoclismo-miranda-do-douro.html,https://canalizador-urgente.pt/canalizador-urgente-miranda-do-douro,a_hub_same_concelho,cible = hub urgence concelho officiel
canalizador-autoclismo-mirandela.html,https://canalizador-urgente.pt/canalizador-autoclismo-mirandela,e_self_ref_ok,
canalizador-autoclismo-mogadouro.html,https://canalizador-urgente.pt/canalizador-urgente-mogadouro,a_hub_same_concelho,cible = hub urgence concelho officiel
canalizador-autoclismo-mondim-da-beira.html,https://canalizador-urgente.pt/canalizador-autoclismo-mondim-da-beira,e_self_ref_ok,
canalizador-autoclismo-mondim-de-basto.html,https://canalizador-urgente.pt/canalizador-autoclismo-mondim-de-basto,e_self_ref_ok,
canalizador-autoclismo-montalegre.html,https://canalizador-urgente.pt/canalizador-autoclismo-montalegre,e_self_ref_ok,
canalizador-autoclismo-moucos.html,https://canalizador-urgente.pt/canalizador-autoclismo-moucos,e_self_ref_ok,
canalizador-autoclismo-murca.html,https://canalizador-urgente.pt/canalizador-autoclismo-murca,e_self_ref_ok,
canalizador-autoclismo-pedras-salgadas.html,https://canalizador-urgente.pt/canalizador-autoclismo-pedras-salgadas,e_self_ref_ok,
canalizador-autoclismo-penedono.html,https://canalizador-urgente.pt/canalizador-autoclismo-penedono,e_self_ref_ok,
canalizador-autoclismo-peso-da-regua.html,https://canalizador-urgente.pt/canalizador-urgente-peso-da-regua,a_hub_same_concelho,cible = hub urgence concelho officiel
canalizador-autoclismo-pinhao.html,https://canalizador-urgente.pt/canalizador-autoclismo-pinhao,e_self_ref_ok,
canalizador-autoclismo-resende.html,https://canalizador-urgente.pt/canalizador-autoclismo-resende,e_self_ref_ok,
canalizador-autoclismo-ribeira-de-pena.html,https://canalizador-urgente.pt/canalizador-autoclismo-ribeira-de-pena,e_self_ref_ok,
canalizador-autoclismo-sabrosa.html,https://canalizador-urgente.pt/canalizador-autoclismo-sabrosa,e_self_ref_ok,
canalizador-autoclismo-salzedas.html,https://canalizador-urgente.pt/canalizador-autoclismo-salzedas,e_self_ref_ok,
canalizador-autoclismo-sanfins-do-douro.html,https://canalizador-urgente.pt/canalizador-autoclismo-sanfins-do-douro,e_self_ref_ok,
canalizador-autoclismo-santa-marinha-do-zezere.html,https://canalizador-urgente.pt/canalizador-autoclismo-santa-marinha-do-zezere,e_self_ref_ok,
canalizador-autoclismo-santa-marta-de-penaguiao.html,https://canalizador-urgente.pt/canalizador-autoclismo-santa-marta-de-penaguiao,e_self_ref_ok,
canalizador-autoclismo-santo-estevao.html,https://canalizador-urgente.pt/canalizador-autoclismo-santo-estevao,e_self_ref_ok,
canalizador-autoclismo-sao-cosmado.html,https://canalizador-urgente.pt/canalizador-autoclismo-sao-cosmado,e_self_ref_ok,
canalizador-autoclismo-sao-joao-da-pesqueira.html,https://canalizador-urgente.pt/canalizador-autoclismo-sao-joao-da-pesqueira,e_self_ref_ok,
canalizador-autoclismo-sao-joao-de-tarouca.html,https://canalizador-urgente.pt/canalizador-autoclismo-sao-joao-de-tarouca,e_self_ref_ok,
canalizador-autoclismo-sao-martinho-de-anta.html,https://canalizador-urgente.pt/canalizador-autoclismo-sao-martinho-de-anta,e_self_ref_ok,
canalizador-autoclismo-sao-martinho-de-mouros.html,https://canalizador-urgente.pt/canalizador-autoclismo-sao-martinho-de-mouros,e_self_ref_ok,
canalizador-autoclismo-sendim.html,https://canalizador-urgente.pt/canalizador-autoclismo-sendim,e_self_ref_ok,
canalizador-autoclismo-sernancelhe.html,https://canalizador-urgente.pt/canalizador-autoclismo-sernancelhe,e_self_ref_ok,
canalizador-autoclismo-tabuaco.html,https://canalizador-urgente.pt/canalizador-autoclismo-tabuaco,e_self_ref_ok,
canalizador-autoclismo-tarouca.html,https://canalizador-urgente.pt/canalizador-autoclismo-tarouca,e_self_ref_ok,
canalizador-autoclismo-torre-de-dona-chama.html,https://canalizador-urgente.pt/canalizador-autoclismo-torre-de-dona-chama,e_self_ref_ok,
canalizador-autoclismo-torre-de-moncorvo.html,https://canalizador-urgente.pt/canalizador-autoclismo-torre-de-moncorvo,e_self_ref_ok,
canalizador-autoclismo-trevoes.html,https://canalizador-urgente.pt/canalizador-autoclismo-trevoes,e_self_ref_ok,
canalizador-autoclismo-valdigem.html,https://canalizador-urgente.pt/canalizador-autoclismo-valdigem,e_self_ref_ok,
canalizador-autoclismo-valpacos.html,https://canalizador-urgente.pt/canalizador-urgente-valpacos,a_hub_same_concelho,cible = hub urgence concelho officiel
canalizador-autoclismo-vern.html,https://canalizador-urgente.pt/canalizador-autoclismo-vern,e_self_ref_ok,
canalizador-autoclismo-vidago.html,https://canalizador-urgente.pt/canalizador-autoclismo-vidago,e_self_ref_ok,
canalizador-autoclismo-vila-flor.html,https://canalizador-urgente.pt/canalizador-autoclismo-vila-flor,e_self_ref_ok,
canalizador-autoclismo-vila-franca-das-naves.html,https://canalizador-urgente.pt/canalizador-autoclismo-vila-franca-das-naves,e_self_ref_ok,
canalizador-autoclismo-vila-nova-de-foz-coa.html,https://canalizador-urgente.pt/canalizador-autoclismo-vila-nova-de-foz-coa,e_self_ref_ok,
canalizador-autoclismo-vila-pouca-de-aguiar.html,https://canalizador-urgente.pt/canalizador-autoclismo-vila-pouca-de-aguiar,e_self_ref_ok,
canalizador-autoclismo-vila-real.html,https://canalizador-urgente.pt/canalizador-autoclismo-vila-real,e_self_ref_ok,
canalizador-autoclismo-vilar-de-macada.html,https://canalizador-urgente.pt/canalizador-autoclismo-vilar-de-macada,e_self_ref_ok,
canalizador-autoclismo-vilarandelo.html,https://canalizador-urgente.pt/canalizador-autoclismo-vilarandelo,e_self_ref_ok,
canalizador-autoclismo-vimioso.html,https://canalizador-urgente.pt/canalizador-autoclismo-vimioso,e_self_ref_ok,
canalizador-autoclismo-vinhais.html,https://canalizador-urgente.pt/canalizador-urgente-vinhais,a_hub_same_concelho,cible = hub urgence concelho officiel
canalizador-autoclismo-xinzo-de-limia.html,https://canalizador-urgente.pt/canalizador-autoclismo-xinzo-de-limia,e_self_ref_ok,
canalizador-avantos.html,https://canalizador-urgente.pt/canalizador-avantos,e_self_ref_ok,
canalizador-avelanoso.html,https://canalizador-urgente.pt/canalizador-avelanoso,e_self_ref_ok,
canalizador-avelas-da-ribeira.html,https://canalizador-urgente.pt/canalizador-avelas-da-ribeira,e_self_ref_ok,
canalizador-avelas-de-ambom.html,https://canalizador-urgente.pt/canalizador-avelas-de-ambom,e_self_ref_ok,
canalizador-aveloso.html,https://canalizador-urgente.pt/canalizador-aveloso,e_self_ref_ok,
canalizador-avidagos.html,https://canalizador-urgente.pt/canalizador-avidagos,e_self_ref_ok,
canalizador-avinho.html,https://canalizador-urgente.pt/canalizador-avinho,e_self_ref_ok,
canalizador-avoes.html,https://canalizador-urgente.pt/canalizador-avoes,e_self_ref_ok,
canalizador-azevo.html,https://canalizador-urgente.pt/canalizador-azevo,e_self_ref_ok,
canalizador-azibeiro.html,https://canalizador-urgente.pt/canalizador-azibeiro,e_self_ref_ok,
canalizador-azibo.html,https://canalizador-urgente.pt/canalizador-azibo,e_self_ref_ok,
canalizador-azinhoso.html,https://canalizador-urgente.pt/canalizador-azinhoso,e_self_ref_ok,
canalizador-babe.html,https://canalizador-urgente.pt/canalizador-babe,e_self_ref_ok,
canalizador-bacal.html,https://canalizador-urgente.pt/canalizador-bacal,e_self_ref_ok,
canalizador-bagueixe.html,https://canalizador-urgente.pt/canalizador-bagueixe,e_self_ref_ok,
canalizador-bairro-do-fundo-de-fomento-a-habitacao.html,https://canalizador-urgente.pt/canalizador-bairro-do-fundo-de-fomento-a-habitacao,e_self_ref_ok,
canalizador-bairro-social-de-alvoracaes.html,https://canalizador-urgente.pt/canalizador-bairro-social-de-alvoracaes,e_self_ref_ok,
canalizador-baldos.html,https://canalizador-urgente.pt/canalizador-baldos,e_self_ref_ok,
canalizador-baltar.html,https://canalizador-urgente.pt/canalizador-baltar,e_self_ref_ok,
canalizador-baracal.html,https://canalizador-urgente.pt/canalizador-baracal,e_self_ref_ok,
canalizador-barcel.html,https://canalizador-urgente.pt/canalizador-barcel,e_self_ref_ok,
canalizador-barcos.html,https://canalizador-urgente.pt/canalizador-barcos,e_self_ref_ok,
canalizador-barqueiros.html,https://canalizador-urgente.pt/canalizador-barqueiros,e_self_ref_ok,
canalizador-barreira.html,https://canalizador-urgente.pt/canalizador-barreira,e_self_ref_ok,
canalizador-barreiros.html,https://canalizador-urgente.pt/canalizador-barreiros,e_self_ref_ok,
canalizador-barro.html,https://canalizador-urgente.pt/canalizador-barro,e_self_ref_ok,
canalizador-beca.html,https://canalizador-urgente.pt/canalizador-beca,e_self_ref_ok,
canalizador-beira-grande.html,https://canalizador-urgente.pt/canalizador-beira-grande,e_self_ref_ok,
canalizador-belver.html,https://canalizador-urgente.pt/canalizador-belver,e_self_ref_ok,
canalizador-bemposta.html,https://canalizador-urgente.pt/canalizador-bemposta,e_self_ref_ok,
canalizador-benlhevai.html,https://canalizador-urgente.pt/canalizador-benlhevai,e_self_ref_ok,
canalizador-beselga.html,https://canalizador-urgente.pt/canalizador-beselga,e_self_ref_ok,
canalizador-bigorne.html,https://canalizador-urgente.pt/canalizador-bigorne,e_self_ref_ok,
canalizador-bilho.html,https://canalizador-urgente.pt/canalizador-bilho,e_self_ref_ok,
canalizador-bobadela.html,https://canalizador-urgente.pt/canalizador-bobadela,e_self_ref_ok,
canalizador-bogalhal.html,https://canalizador-urgente.pt/canalizador-bogalhal,e_self_ref_ok,
canalizador-borba-de-godim.html,https://canalizador-urgente.pt/canalizador-borba-de-godim,e_self_ref_ok,
canalizador-borbela.html,https://canalizador-urgente.pt/canalizador-borbela,e_self_ref_ok,
canalizador-bornes-de-aguiar.html,https://canalizador-urgente.pt/canalizador-bornes-de-aguiar,e_self_ref_ok,
canalizador-bornes.html,https://canalizador-urgente.pt/canalizador-bornes,e_self_ref_ok,
canalizador-boticas.html,https://canalizador-urgente.pt/canalizador-boticas,e_self_ref_ok,
canalizador-bouca-cova.html,https://canalizador-urgente.pt/canalizador-bouca-cova,e_self_ref_ok,
canalizador-bouca.html,https://canalizador-urgente.pt/canalizador-bouca,e_self_ref_ok,
canalizador-boucas.html,https://canalizador-urgente.pt/canalizador-boucas,e_self_ref_ok,
canalizador-boucoaes.html,https://canalizador-urgente.pt/canalizador-boucoaes,e_self_ref_ok,
canalizador-bousende.html,https://canalizador-urgente.pt/canalizador-bousende,e_self_ref_ok,
canalizador-bragada.html,https://canalizador-urgente.pt/canalizador-bragada,e_self_ref_ok,
canalizador-bragado.html,https://canalizador-urgente.pt/canalizador-bragado,e_self_ref_ok,
canalizador-braganca.html,https://canalizador-urgente.pt/canalizador-braganca,e_self_ref_ok,
canalizador-brinco.html,https://canalizador-urgente.pt/canalizador-brinco,e_self_ref_ok,
canalizador-britiande.html,https://canalizador-urgente.pt/canalizador-britiande,e_self_ref_ok,
canalizador-brito-de-baixo.html,https://canalizador-urgente.pt/canalizador-brito-de-baixo,e_self_ref_ok,
canalizador-bronceda.html,https://canalizador-urgente.pt/canalizador-bronceda,e_self_ref_ok,
canalizador-bruco.html,https://canalizador-urgente.pt/canalizador-bruco,e_self_ref_ok,
canalizador-brunhosinho.html,https://canalizador-urgente.pt/canalizador-brunhosinho,e_self_ref_ok,
canalizador-brunhoso.html,https://canalizador-urgente.pt/canalizador-brunhoso,e_self_ref_ok,
canalizador-burga.html,https://canalizador-urgente.pt/canalizador-burga,e_self_ref_ok,
canalizador-bustelo.html,https://canalizador-urgente.pt/canalizador-bustelo,e_self_ref_ok,
canalizador-cabacos.html,https://canalizador-urgente.pt/canalizador-cabacos,e_self_ref_ok,
canalizador-cabanas.html,https://canalizador-urgente.pt/canalizador-cabanas,e_self_ref_ok,
canalizador-cabanelas.html,https://canalizador-urgente.pt/canalizador-cabanelas,e_self_ref_ok,
canalizador-cabreira.html,https://canalizador-urgente.pt/canalizador-cabreira,e_self_ref_ok,
canalizador-cacarelhos.html,https://canalizador-urgente.pt/canalizador-cacarelhos,e_self_ref_ok,
canalizador-cachao.html,https://canalizador-urgente.pt/canalizador-cachao,e_self_ref_ok,
canalizador-cadafaz.html,https://canalizador-urgente.pt/canalizador-cadafaz,e_self_ref_ok,
canalizador-calvao.html,https://canalizador-urgente.pt/canalizador-calvao,e_self_ref_ok,
canalizador-calvelhe.html,https://canalizador-urgente.pt/canalizador-calvelhe,e_self_ref_ok,
canalizador-cambeses-do-rio.html,https://canalizador-urgente.pt/canalizador-cambeses-do-rio,e_self_ref_ok,
canalizador-cambres.html,https://canalizador-urgente.pt/canalizador-cambres,e_self_ref_ok,
canalizador-campanho.html,https://canalizador-urgente.pt/canalizador-campanho,e_self_ref_ok,
canalizador-campea.html,https://canalizador-urgente.pt/canalizador-campea,e_self_ref_ok,
canalizador-campo-de-viboras.html,https://canalizador-urgente.pt/canalizador-campo-de-vboras,c_money_other_concelho,cible=autre slug canalizador- non-officiel
canalizador-campo.html,https://canalizador-urgente.pt/canalizador-campo,e_self_ref_ok,
canalizador-canadelo.html,https://canalizador-urgente.pt/canalizador-canadelo,e_self_ref_ok,
canalizador-canalizacao-nova-alfandega-da-fe.html,https://canalizador-urgente.pt/canalizador-canalizacao-nova-alfandega-da-fe,e_self_ref_ok,
canalizador-canalizacao-nova-alijo.html,https://canalizador-urgente.pt/canalizador-urgente-alijo,a_hub_same_concelho,cible = hub urgence concelho officiel
canalizador-canalizacao-nova-almendra.html,https://canalizador-urgente.pt/canalizador-canalizacao-nova-almendra,e_self_ref_ok,
canalizador-canalizacao-nova-amarante.html,https://canalizador-urgente.pt/canalizador-canalizacao-nova-amarante,e_self_ref_ok,
canalizador-canalizacao-nova-argozelo.html,https://canalizador-urgente.pt/canalizador-canalizacao-nova-argozelo,e_self_ref_ok,
canalizador-canalizacao-nova-armamar.html,https://canalizador-urgente.pt/canalizador-canalizacao-nova-armamar,e_self_ref_ok,
canalizador-canalizacao-nova-boticas.html,https://canalizador-urgente.pt/canalizador-canalizacao-nova-boticas,e_self_ref_ok,
canalizador-canalizacao-nova-braganca.html,https://canalizador-urgente.pt/canalizador-canalizacao-nova-braganca,e_self_ref_ok,
canalizador-canalizacao-nova-britiande.html,https://canalizador-urgente.pt/canalizador-canalizacao-nova-britiande,e_self_ref_ok,
canalizador-canalizacao-nova-cambres.html,https://canalizador-urgente.pt/canalizador-canalizacao-nova-cambres,e_self_ref_ok,
canalizador-canalizacao-nova-carrazeda-de-ansiaes.html,https://canalizador-urgente.pt/canalizador-canalizacao-nova-carrazeda-de-ansiaes,e_self_ref_ok,
canalizador-canalizacao-nova-carrazedo-de-montenegro.html,https://canalizador-urgente.pt/canalizador-canalizacao-nova-carrazedo-de-montenegro,e_self_ref_ok,
canalizador-canalizacao-nova-cedovim.html,https://canalizador-urgente.pt/canalizador-canalizacao-nova-cedovim,e_self_ref_ok,
canalizador-canalizacao-nova-cerva.html,https://canalizador-urgente.pt/canalizador-canalizacao-nova-cerva,e_self_ref_ok,
canalizador-canalizacao-nova-chaves.html,https://canalizador-urgente.pt/canalizador-canalizacao-nova-chaves,e_self_ref_ok,
canalizador-canalizacao-nova-cumieira.html,https://canalizador-urgente.pt/canalizador-canalizacao-nova-cumieira,e_self_ref_ok,
canalizador-canalizacao-nova-ervedosa-do-douro.html,https://canalizador-urgente.pt/canalizador-canalizacao-nova-ervedosa-do-douro,e_self_ref_ok,
canalizador-canalizacao-nova-favaios.html,https://canalizador-urgente.pt/canalizador-canalizacao-nova-favaios,e_self_ref_ok,
canalizador-canalizacao-nova-figueira-de-castelo-rodrigo.html,https://canalizador-urgente.pt/canalizador-canalizacao-nova-figueira-de-castelo-rodrigo,e_self_ref_ok,
canalizador-canalizacao-nova-freixo-de-espada-a-cinta.html,https://canalizador-urgente.pt/canalizador-canalizacao-nova-freixo-de-espada-a-cinta,e_self_ref_ok,
canalizador-canalizacao-nova-freixo-de-numao.html,https://canalizador-urgente.pt/canalizador-canalizacao-nova-freixo-de-numao,e_self_ref_ok,
canalizador-canalizacao-nova-izeda.html,https://canalizador-urgente.pt/canalizador-canalizacao-nova-izeda,e_self_ref_ok,
canalizador-canalizacao-nova-lalim.html,https://canalizador-urgente.pt/canalizador-canalizacao-nova-lalim,e_self_ref_ok,
canalizador-canalizacao-nova-lamego.html,https://canalizador-urgente.pt/canalizador-urgente-lamego,a_hub_same_concelho,cible = hub urgence concelho officiel
canalizador-canalizacao-nova-lazarim.html,https://canalizador-urgente.pt/canalizador-canalizacao-nova-lazarim,e_self_ref_ok,
canalizador-canalizacao-nova-lixa.html,https://canalizador-urgente.pt/canalizador-canalizacao-nova-lixa,e_self_ref_ok,
canalizador-canalizacao-nova-lordelo.html,https://canalizador-urgente.pt/canalizador-canalizacao-nova-lordelo,e_self_ref_ok,
canalizador-canalizacao-nova-macedo-de-cavaleiros.html,https://canalizador-urgente.pt/canalizador-canalizacao-nova-macedo-de-cavaleiros,e_self_ref_ok,
canalizador-canalizacao-nova-marco-de-canaveses.html,https://canalizador-urgente.pt/canalizador-canalizacao-nova-marco-de-canaveses,e_self_ref_ok,
canalizador-canalizacao-nova-marialva.html,https://canalizador-urgente.pt/canalizador-canalizacao-nova-marialva,e_self_ref_ok,
canalizador-canalizacao-nova-mesao-frio.html,https://canalizador-urgente.pt/canalizador-canalizacao-nova-mesao-frio,e_self_ref_ok,
canalizador-canalizacao-nova-miranda-do-douro.html,https://canalizador-urgente.pt/canalizador-urgente-miranda-do-douro,a_hub_same_concelho,cible = hub urgence concelho officiel
canalizador-canalizacao-nova-mirandela.html,https://canalizador-urgente.pt/canalizador-canalizacao-nova-mirandela,e_self_ref_ok,
canalizador-canalizacao-nova-mogadouro.html,https://canalizador-urgente.pt/canalizador-urgente-mogadouro,a_hub_same_concelho,cible = hub urgence concelho officiel
canalizador-canalizacao-nova-mondim-da-beira.html,https://canalizador-urgente.pt/canalizador-canalizacao-nova-mondim-da-beira,e_self_ref_ok,
canalizador-canalizacao-nova-mondim-de-basto.html,https://canalizador-urgente.pt/canalizador-canalizacao-nova-mondim-de-basto,e_self_ref_ok,
canalizador-canalizacao-nova-montalegre.html,https://canalizador-urgente.pt/canalizador-canalizacao-nova-montalegre,e_self_ref_ok,
canalizador-canalizacao-nova-moucos.html,https://canalizador-urgente.pt/canalizador-canalizacao-nova-moucos,e_self_ref_ok,
canalizador-canalizacao-nova-murca.html,https://canalizador-urgente.pt/canalizador-canalizacao-nova-murca,e_self_ref_ok,
canalizador-canalizacao-nova-pedras-salgadas.html,https://canalizador-urgente.pt/canalizador-canalizacao-nova-pedras-salgadas,e_self_ref_ok,
canalizador-canalizacao-nova-penedono.html,https://canalizador-urgente.pt/canalizador-canalizacao-nova-penedono,e_self_ref_ok,
canalizador-canalizacao-nova-peso-da-regua.html,https://canalizador-urgente.pt/canalizador-urgente-peso-da-regua,a_hub_same_concelho,cible = hub urgence concelho officiel
canalizador-canalizacao-nova-pinhao.html,https://canalizador-urgente.pt/canalizador-canalizacao-nova-pinhao,e_self_ref_ok,
canalizador-canalizacao-nova-resende.html,https://canalizador-urgente.pt/canalizador-canalizacao-nova-resende,e_self_ref_ok,
canalizador-canalizacao-nova-ribeira-de-pena.html,https://canalizador-urgente.pt/canalizador-canalizacao-nova-ribeira-de-pena,e_self_ref_ok,
canalizador-canalizacao-nova-sabrosa.html,https://canalizador-urgente.pt/canalizador-canalizacao-nova-sabrosa,e_self_ref_ok,
canalizador-canalizacao-nova-salzedas.html,https://canalizador-urgente.pt/canalizador-canalizacao-nova-salzedas,e_self_ref_ok,
canalizador-canalizacao-nova-sanfins-do-douro.html,https://canalizador-urgente.pt/canalizador-canalizacao-nova-sanfins-do-douro,e_self_ref_ok,
canalizador-canalizacao-nova-santa-marinha-do-zezere.html,https://canalizador-urgente.pt/canalizador-canalizacao-nova-santa-marinha-do-zezere,e_self_ref_ok,
canalizador-canalizacao-nova-santa-marta-de-penaguiao.html,https://canalizador-urgente.pt/canalizador-canalizacao-nova-santa-marta-de-penaguiao,e_self_ref_ok,
canalizador-canalizacao-nova-santo-estevao.html,https://canalizador-urgente.pt/canalizador-canalizacao-nova-santo-estevao,e_self_ref_ok,
canalizador-canalizacao-nova-sao-cosmado.html,https://canalizador-urgente.pt/canalizador-canalizacao-nova-sao-cosmado,e_self_ref_ok,
canalizador-canalizacao-nova-sao-joao-da-pesqueira.html,https://canalizador-urgente.pt/canalizador-canalizacao-nova-sao-joao-da-pesqueira,e_self_ref_ok,
canalizador-canalizacao-nova-sao-joao-de-tarouca.html,https://canalizador-urgente.pt/canalizador-canalizacao-nova-sao-joao-de-tarouca,e_self_ref_ok,
canalizador-canalizacao-nova-sao-martinho-de-anta.html,https://canalizador-urgente.pt/canalizador-canalizacao-nova-sao-martinho-de-anta,e_self_ref_ok,
canalizador-canalizacao-nova-sao-martinho-de-mouros.html,https://canalizador-urgente.pt/canalizador-canalizacao-nova-sao-martinho-de-mouros,e_self_ref_ok,
canalizador-canalizacao-nova-sendim.html,https://canalizador-urgente.pt/canalizador-canalizacao-nova-sendim,e_self_ref_ok,
canalizador-canalizacao-nova-sernancelhe.html,https://canalizador-urgente.pt/canalizador-canalizacao-nova-sernancelhe,e_self_ref_ok,
canalizador-canalizacao-nova-tabuaco.html,https://canalizador-urgente.pt/canalizador-canalizacao-nova-tabuaco,e_self_ref_ok,
canalizador-canalizacao-nova-tarouca.html,https://canalizador-urgente.pt/canalizador-canalizacao-nova-tarouca,e_self_ref_ok,
canalizador-canalizacao-nova-torre-de-dona-chama.html,https://canalizador-urgente.pt/canalizador-canalizacao-nova-torre-de-dona-chama,e_self_ref_ok,
canalizador-canalizacao-nova-torre-de-moncorvo.html,https://canalizador-urgente.pt/canalizador-canalizacao-nova-torre-de-moncorvo,e_self_ref_ok,
canalizador-canalizacao-nova-trevoes.html,https://canalizador-urgente.pt/canalizador-canalizacao-nova-trevoes,e_self_ref_ok,
canalizador-canalizacao-nova-valdigem.html,https://canalizador-urgente.pt/canalizador-canalizacao-nova-valdigem,e_self_ref_ok,
canalizador-canalizacao-nova-valpacos.html,https://canalizador-urgente.pt/canalizador-urgente-valpacos,a_hub_same_concelho,cible = hub urgence concelho officiel
canalizador-canalizacao-nova-vern.html,https://canalizador-urgente.pt/canalizador-canalizacao-nova-vern,e_self_ref_ok,
canalizador-canalizacao-nova-vidago.html,https://canalizador-urgente.pt/canalizador-canalizacao-nova-vidago,e_self_ref_ok,
canalizador-canalizacao-nova-vila-flor.html,https://canalizador-urgente.pt/canalizador-canalizacao-nova-vila-flor,e_self_ref_ok,
canalizador-canalizacao-nova-vila-franca-das-naves.html,https://canalizador-urgente.pt/canalizador-canalizacao-nova-vila-franca-das-naves,e_self_ref_ok,
canalizador-canalizacao-nova-vila-nova-de-foz-coa.html,https://canalizador-urgente.pt/canalizador-canalizacao-nova-vila-nova-de-foz-coa,e_self_ref_ok,
canalizador-canalizacao-nova-vila-pouca-de-aguiar.html,https://canalizador-urgente.pt/canalizador-canalizacao-nova-vila-pouca-de-aguiar,e_self_ref_ok,
canalizador-canalizacao-nova-vila-real.html,https://canalizador-urgente.pt/canalizador-canalizacao-nova-vila-real,e_self_ref_ok,
canalizador-canalizacao-nova-vilar-de-macada.html,https://canalizador-urgente.pt/canalizador-canalizacao-nova-vilar-de-macada,e_self_ref_ok,
canalizador-canalizacao-nova-vilarandelo.html,https://canalizador-urgente.pt/canalizador-canalizacao-nova-vilarandelo,e_self_ref_ok,
canalizador-canalizacao-nova-vimioso.html,https://canalizador-urgente.pt/canalizador-canalizacao-nova-vimioso,e_self_ref_ok,
canalizador-canalizacao-nova-vinhais.html,https://canalizador-urgente.pt/canalizador-urgente-vinhais,a_hub_same_concelho,cible = hub urgence concelho officiel
canalizador-canalizacao-nova-xinzo-de-limia.html,https://canalizador-urgente.pt/canalizador-canalizacao-nova-xinzo-de-limia,e_self_ref_ok,
canalizador-canaveses.html,https://canalizador-urgente.pt/canalizador-canaveses,e_self_ref_ok,
canalizador-candedo.html,https://canalizador-urgente.pt/canalizador-candedo,e_self_ref_ok,
canalizador-candemil.html,https://canalizador-urgente.pt/canalizador-candemil,e_self_ref_ok,
canalizador-candoso.html,https://canalizador-urgente.pt/canalizador-candoso,e_self_ref_ok,
canalizador-canelas.html,https://canalizador-urgente.pt/canalizador-canelas,e_self_ref_ok,
canalizador-caravelas.html,https://canalizador-urgente.pt/canalizador-caravelas,e_self_ref_ok,
canalizador-carcao.html,https://canalizador-urgente.pt/canalizador-carcao,e_self_ref_ok,
canalizador-carcaozinho.html,https://canalizador-urgente.pt/canalizador-carcaozinho,e_self_ref_ok,
canalizador-cardanha.html,https://canalizador-urgente.pt/canalizador-cardanha,e_self_ref_ok,
canalizador-carlao.html,https://canalizador-urgente.pt/canalizador-carlao,e_self_ref_ok,
canalizador-carnicaes.html,https://canalizador-urgente.pt/canalizador-carnicaes,e_self_ref_ok,
canalizador-carocedo.html,https://canalizador-urgente.pt/canalizador-carocedo,e_self_ref_ok,
canalizador-carragosa.html,https://canalizador-urgente.pt/canalizador-carragosa,e_self_ref_ok,
canalizador-carrapatas.html,https://canalizador-urgente.pt/canalizador-carrapatas,e_self_ref_ok,
canalizador-carrapatinha.html,https://canalizador-urgente.pt/canalizador-carrapatinha,e_self_ref_ok,
canalizador-carrazeda-de-anciaes.html,https://canalizador-urgente.pt/canalizador-carrazeda-de-anciaes,e_self_ref_ok,
canalizador-carrazeda-de-ansiaes.html,https://canalizador-urgente.pt/canalizador-carrazeda-de-ansiaes,e_self_ref_ok,
canalizador-carrazedo-de-montenegro.html,https://canalizador-urgente.pt/canalizador-carrazedo-de-montenegro,e_self_ref_ok,
canalizador-carrazedo-do-alvao.html,https://canalizador-urgente.pt/canalizador-carrazedo-do-alvao,e_self_ref_ok,
canalizador-carrazedo.html,https://canalizador-urgente.pt/canalizador-carrazedo,e_self_ref_ok,
canalizador-carva.html,https://canalizador-urgente.pt/canalizador-carva,e_self_ref_ok,
canalizador-carvalhais.html,https://canalizador-urgente.pt/canalizador-carvalhais,e_self_ref_ok,
canalizador-carvalho-de-egas.html,https://canalizador-urgente.pt/canalizador-carvalho-de-egas,e_self_ref_ok,
canalizador-carvalho-de-rei.html,https://canalizador-urgente.pt/canalizador-carvalho-de-rei,e_self_ref_ok,
canalizador-carvicais.html,https://canalizador-urgente.pt/canalizador-carvicais,e_self_ref_ok,
canalizador-casa-do-povo-e-sede-da-junta-de-freguesia.html,https://canalizador-urgente.pt/canalizador-casa-do-povo-e-sede-da-junta-de-freguesia,e_self_ref_ok,
canalizador-casa-nova.html,https://canalizador-urgente.pt/canalizador-casa-nova,e_self_ref_ok,
canalizador-casal-de-loivos.html,https://canalizador-urgente.pt/canalizador-casal-de-loivos,e_self_ref_ok,
canalizador-casal-do-monte.html,https://canalizador-urgente.pt/canalizador-casal-do-monte,e_self_ref_ok,
canalizador-casario.html,https://canalizador-urgente.pt/canalizador-casario,e_self_ref_ok,
canalizador-casas-do-soeiro.html,https://canalizador-urgente.pt/canalizador-casas-do-soeiro,e_self_ref_ok,
canalizador-castade.html,https://canalizador-urgente.pt/canalizador-castade,e_self_ref_ok,
canalizador-castainco.html,https://canalizador-urgente.pt/canalizador-castainco,e_self_ref_ok,
canalizador-castanheiro-do-norte.html,https://canalizador-urgente.pt/canalizador-castanheiro-do-norte,e_self_ref_ok,
canalizador-castanheiro-do-sul.html,https://canalizador-urgente.pt/canalizador-castanheiro-do-sul,e_self_ref_ok,
canalizador-castedo.html,https://canalizador-urgente.pt/canalizador-castedo,e_self_ref_ok,
canalizador-casteicao.html,https://canalizador-urgente.pt/canalizador-casteicao,e_self_ref_ok,
canalizador-castelaos.html,https://canalizador-urgente.pt/canalizador-castelaos,e_self_ref_ok,
canalizador-castelo-branco.html,https://canalizador-urgente.pt/canalizador-castelo-branco,e_self_ref_ok,
canalizador-castelo-de-balsamao.html,https://canalizador-urgente.pt/canalizador-castelo-de-balsamao,e_self_ref_ok,
canalizador-castelo-melhor.html,https://canalizador-urgente.pt/canalizador-castelo-melhor,e_self_ref_ok,
canalizador-castelo-rodrigo.html,https://canalizador-urgente.pt/canalizador-castelo-rodrigo,e_self_ref_ok,
canalizador-castrelo-do-val.html,https://canalizador-urgente.pt/canalizador-castrelo-do-val,e_self_ref_ok,
canalizador-castrelos.html,https://canalizador-urgente.pt/canalizador-castrelos,e_self_ref_ok,
canalizador-castro-de-avelas.html,https://canalizador-urgente.pt/canalizador-castro-de-avelas,e_self_ref_ok,
canalizador-castro-roupal.html,https://canalizador-urgente.pt/canalizador-castro-roupal,e_self_ref_ok,
canalizador-castro-vicente.html,https://canalizador-urgente.pt/canalizador-castro-vicente,e_self_ref_ok,
canalizador-cavadoude.html,https://canalizador-urgente.pt/canalizador-cavadoude,e_self_ref_ok,
canalizador-cedaes.html,https://canalizador-urgente.pt/canalizador-cedaes,e_self_ref_ok,
canalizador-cedainhos.html,https://canalizador-urgente.pt/canalizador-cedainhos,e_self_ref_ok,
canalizador-cedovim.html,https://canalizador-urgente.pt/canalizador-cedovim,e_self_ref_ok,
canalizador-cela.html,https://canalizador-urgente.pt/canalizador-cela,e_self_ref_ok,
canalizador-celas.html,https://canalizador-urgente.pt/canalizador-celas,e_self_ref_ok,
canalizador-cepelos.html,https://canalizador-urgente.pt/canalizador-cepelos,e_self_ref_ok,
canalizador-cepoes.html,https://canalizador-urgente.pt/canalizador-cepoes,e_self_ref_ok,
canalizador-cerejais.html,https://canalizador-urgente.pt/canalizador-cerejais,e_self_ref_ok,
canalizador-cerejo.html,https://canalizador-urgente.pt/canalizador-cerejo,e_self_ref_ok,
canalizador-cerezal-de-penahorcada.html,https://canalizador-urgente.pt/canalizador-cerezal-de-peahorcada,c_money_other_concelho,cible=autre slug canalizador- non-officiel
canalizador-cernadela.html,https://canalizador-urgente.pt/canalizador-cernadela,e_self_ref_ok,
canalizador-cerva.html,https://canalizador-urgente.pt/canalizador-cerva,e_self_ref_ok,
canalizador-cervos.html,https://canalizador-urgente.pt/canalizador-cervos,e_self_ref_ok,
canalizador-chacim.html,https://canalizador-urgente.pt/canalizador-chacim,e_self_ref_ok,
canalizador-chairos.html,https://canalizador-urgente.pt/canalizador-chairos,e_self_ref_ok,
canalizador-chaos.html,https://canalizador-urgente.pt/canalizador-chaos,e_self_ref_ok,
canalizador-chapa.html,https://canalizador-urgente.pt/canalizador-chapa,e_self_ref_ok,
canalizador-chas.html,https://canalizador-urgente.pt/canalizador-chas,e_self_ref_ok,
canalizador-chavaes.html,https://canalizador-urgente.pt/canalizador-chavaes,e_self_ref_ok,
canalizador-chaves.html,https://canalizador-urgente.pt/canalizador-chaves,e_self_ref_ok,
canalizador-chelas.html,https://canalizador-urgente.pt/canalizador-chelas,e_self_ref_ok,
canalizador-chosendo.html,https://canalizador-urgente.pt/canalizador-chosendo,e_self_ref_ok,
canalizador-cicuiro.html,https://canalizador-urgente.pt/canalizador-cicuiro,e_self_ref_ok,
canalizador-cidadelhe.html,https://canalizador-urgente.pt/canalizador-cidadelhe,e_self_ref_ok,
canalizador-cidoes.html,https://canalizador-urgente.pt/canalizador-cidoes,e_self_ref_ok,
canalizador-cimbres.html,https://canalizador-urgente.pt/canalizador-cimbres,e_self_ref_ok,
canalizador-cimo-de-vila-da-castanheira.html,https://canalizador-urgente.pt/canalizador-cimo-de-vila-da-castanheira,e_self_ref_ok,
canalizador-cinco-vilas.html,https://canalizador-urgente.pt/canalizador-cinco-vilas,e_self_ref_ok,
canalizador-cobro.html,https://canalizador-urgente.pt/canalizador-cobro,e_self_ref_ok,
canalizador-cocanha.html,https://canalizador-urgente.pt/canalizador-cocanha,e_self_ref_ok,
canalizador-codesseiro.html,https://canalizador-urgente.pt/canalizador-codesseiro,e_self_ref_ok,
canalizador-codessoso.html,https://canalizador-urgente.pt/canalizador-codessoso,e_self_ref_ok,
canalizador-coelhoso.html,https://canalizador-urgente.pt/canalizador-coelhoso,e_self_ref_ok,
canalizador-cogula.html,https://canalizador-urgente.pt/canalizador-cogula,e_self_ref_ok,
canalizador-colmeais.html,https://canalizador-urgente.pt/canalizador-colmeais,e_self_ref_ok,
canalizador-colo-de-pito.html,https://canalizador-urgente.pt/canalizador-colo-de-pito,e_self_ref_ok,
canalizador-comunhas.html,https://canalizador-urgente.pt/canalizador-comunhas,e_self_ref_ok,
canalizador-constantim.html,https://canalizador-urgente.pt/canalizador-constantim,e_self_ref_ok,
canalizador-contins.html,https://canalizador-urgente.pt/canalizador-contins,e_self_ref_ok,
canalizador-coriscada.html,https://canalizador-urgente.pt/canalizador-coriscada,e_self_ref_ok,
canalizador-corrica.html,https://canalizador-urgente.pt/canalizador-corrica,e_self_ref_ok,
canalizador-cortico.html,https://canalizador-urgente.pt/canalizador-cortico,e_self_ref_ok,
canalizador-corticos.html,https://canalizador-urgente.pt/canalizador-corticos,e_self_ref_ok,
canalizador-corujas.html,https://canalizador-urgente.pt/canalizador-corujas,e_self_ref_ok,
canalizador-cotas.html,https://canalizador-urgente.pt/canalizador-cotas,e_self_ref_ok,
canalizador-cotimos.html,https://canalizador-urgente.pt/canalizador-cotimos,e_self_ref_ok,
canalizador-coucos.html,https://canalizador-urgente.pt/canalizador-coucos,e_self_ref_ok,
canalizador-covas-do-barroso.html,https://canalizador-urgente.pt/canalizador-covas-do-barroso,e_self_ref_ok,
canalizador-covas-do-douro.html,https://canalizador-urgente.pt/canalizador-covas-do-douro,e_self_ref_ok,
canalizador-covelaes.html,https://canalizador-urgente.pt/canalizador-covelaes,e_self_ref_ok,
canalizador-covelas.html,https://canalizador-urgente.pt/canalizador-covelas,e_self_ref_ok,
canalizador-covelinhas.html,https://canalizador-urgente.pt/canalizador-covelinhas,e_self_ref_ok,
canalizador-crasto.html,https://canalizador-urgente.pt/canalizador-crasto,e_self_ref_ok,
canalizador-cumieira.html,https://canalizador-urgente.pt/canalizador-cumieira,e_self_ref_ok,
canalizador-cunha.html,https://canalizador-urgente.pt/canalizador-cunha,e_self_ref_ok,
canalizador-curalha.html,https://canalizador-urgente.pt/canalizador-curalha,e_self_ref_ok,
canalizador-curopos.html,https://canalizador-urgente.pt/canalizador-curopos,e_self_ref_ok,
canalizador-curros.html,https://canalizador-urgente.pt/canalizador-curros,e_self_ref_ok,
canalizador-custoias.html,https://canalizador-urgente.pt/canalizador-custoias,e_self_ref_ok,
canalizador-dalvares.html,https://canalizador-urgente.pt/canalizador-dalvares,e_self_ref_ok,
canalizador-deilao.html,https://canalizador-urgente.pt/canalizador-deilao,e_self_ref_ok,
canalizador-desejosa.html,https://canalizador-urgente.pt/canalizador-desejosa,e_self_ref_ok,
canalizador-desentupimento-alfandega-da-fe.html,https://canalizador-urgente.pt/canalizador-desentupimento-alfandega-da-fe,e_self_ref_ok,
canalizador-desentupimento-alijo.html,https://canalizador-urgente.pt/canalizador-urgente-alijo,a_hub_same_concelho,cible = hub urgence concelho officiel
canalizador-desentupimento-almendra.html,https://canalizador-urgente.pt/canalizador-desentupimento-almendra,e_self_ref_ok,
canalizador-desentupimento-amarante.html,https://canalizador-urgente.pt/canalizador-desentupimento-amarante,e_self_ref_ok,
canalizador-desentupimento-argozelo.html,https://canalizador-urgente.pt/canalizador-desentupimento-argozelo,e_self_ref_ok,
canalizador-desentupimento-armamar.html,https://canalizador-urgente.pt/canalizador-desentupimento-armamar,e_self_ref_ok,
canalizador-desentupimento-boticas.html,https://canalizador-urgente.pt/canalizador-desentupimento-boticas,e_self_ref_ok,
canalizador-desentupimento-braganca.html,https://canalizador-urgente.pt/canalizador-desentupimento-braganca,e_self_ref_ok,
canalizador-desentupimento-britiande.html,https://canalizador-urgente.pt/canalizador-desentupimento-britiande,e_self_ref_ok,
canalizador-desentupimento-cambres.html,https://canalizador-urgente.pt/canalizador-desentupimento-cambres,e_self_ref_ok,
canalizador-desentupimento-carrazeda-de-ansiaes.html,https://canalizador-urgente.pt/canalizador-desentupimento-carrazeda-de-ansiaes,e_self_ref_ok,
canalizador-desentupimento-carrazedo-de-montenegro.html,https://canalizador-urgente.pt/canalizador-desentupimento-carrazedo-de-montenegro,e_self_ref_ok,
canalizador-desentupimento-cedovim.html,https://canalizador-urgente.pt/canalizador-desentupimento-cedovim,e_self_ref_ok,
canalizador-desentupimento-cerva.html,https://canalizador-urgente.pt/canalizador-desentupimento-cerva,e_self_ref_ok,
canalizador-desentupimento-chaves.html,https://canalizador-urgente.pt/canalizador-desentupimento-chaves,e_self_ref_ok,
canalizador-desentupimento-cumieira.html,https://canalizador-urgente.pt/canalizador-desentupimento-cumieira,e_self_ref_ok,
canalizador-desentupimento-ervedosa-do-douro.html,https://canalizador-urgente.pt/canalizador-desentupimento-ervedosa-do-douro,e_self_ref_ok,
canalizador-desentupimento-favaios.html,https://canalizador-urgente.pt/canalizador-desentupimento-favaios,e_self_ref_ok,
canalizador-desentupimento-figueira-de-castelo-rodrigo.html,https://canalizador-urgente.pt/canalizador-desentupimento-figueira-de-castelo-rodrigo,e_self_ref_ok,
canalizador-desentupimento-freixo-de-espada-a-cinta.html,https://canalizador-urgente.pt/canalizador-desentupimento-freixo-de-espada-a-cinta,e_self_ref_ok,
canalizador-desentupimento-freixo-de-numao.html,https://canalizador-urgente.pt/canalizador-desentupimento-freixo-de-numao,e_self_ref_ok,
canalizador-desentupimento-izeda.html,https://canalizador-urgente.pt/canalizador-desentupimento-izeda,e_self_ref_ok,
canalizador-desentupimento-lalim.html,https://canalizador-urgente.pt/canalizador-desentupimento-lalim,e_self_ref_ok,
canalizador-desentupimento-lamego.html,https://canalizador-urgente.pt/canalizador-urgente-lamego,a_hub_same_concelho,cible = hub urgence concelho officiel
canalizador-desentupimento-lazarim.html,https://canalizador-urgente.pt/canalizador-desentupimento-lazarim,e_self_ref_ok,
canalizador-desentupimento-lixa.html,https://canalizador-urgente.pt/canalizador-desentupimento-lixa,e_self_ref_ok,
canalizador-desentupimento-lordelo.html,https://canalizador-urgente.pt/canalizador-desentupimento-lordelo,e_self_ref_ok,
canalizador-desentupimento-macedo-de-cavaleiros.html,https://canalizador-urgente.pt/canalizador-desentupimento-macedo-de-cavaleiros,e_self_ref_ok,
canalizador-desentupimento-marco-de-canaveses.html,https://canalizador-urgente.pt/canalizador-desentupimento-marco-de-canaveses,e_self_ref_ok,
canalizador-desentupimento-marialva.html,https://canalizador-urgente.pt/canalizador-desentupimento-marialva,e_self_ref_ok,
canalizador-desentupimento-mesao-frio.html,https://canalizador-urgente.pt/canalizador-desentupimento-mesao-frio,e_self_ref_ok,
canalizador-desentupimento-miranda-do-douro.html,https://canalizador-urgente.pt/canalizador-urgente-miranda-do-douro,a_hub_same_concelho,cible = hub urgence concelho officiel
canalizador-desentupimento-mirandela.html,https://canalizador-urgente.pt/canalizador-desentupimento-mirandela,e_self_ref_ok,
canalizador-desentupimento-mogadouro.html,https://canalizador-urgente.pt/canalizador-desentupimento-mogadouro,e_self_ref_ok,
canalizador-desentupimento-mondim-da-beira.html,https://canalizador-urgente.pt/canalizador-desentupimento-mondim-da-beira,e_self_ref_ok,
canalizador-desentupimento-mondim-de-basto.html,https://canalizador-urgente.pt/canalizador-desentupimento-mondim-de-basto,e_self_ref_ok,
canalizador-desentupimento-montalegre.html,https://canalizador-urgente.pt/canalizador-desentupimento-montalegre,e_self_ref_ok,
canalizador-desentupimento-moucos.html,https://canalizador-urgente.pt/canalizador-desentupimento-moucos,e_self_ref_ok,
canalizador-desentupimento-murca.html,https://canalizador-urgente.pt/canalizador-desentupimento-murca,e_self_ref_ok,
canalizador-desentupimento-pedras-salgadas.html,https://canalizador-urgente.pt/canalizador-desentupimento-pedras-salgadas,e_self_ref_ok,
canalizador-desentupimento-penedono.html,https://canalizador-urgente.pt/canalizador-desentupimento-penedono,e_self_ref_ok,
canalizador-desentupimento-peso-da-regua.html,https://canalizador-urgente.pt/canalizador-urgente-peso-da-regua,a_hub_same_concelho,cible = hub urgence concelho officiel
canalizador-desentupimento-pinhao.html,https://canalizador-urgente.pt/canalizador-desentupimento-pinhao,e_self_ref_ok,
canalizador-desentupimento-resende.html,https://canalizador-urgente.pt/canalizador-desentupimento-resende,e_self_ref_ok,
canalizador-desentupimento-ribeira-de-pena.html,https://canalizador-urgente.pt/canalizador-desentupimento-ribeira-de-pena,e_self_ref_ok,
canalizador-desentupimento-sabrosa.html,https://canalizador-urgente.pt/canalizador-desentupimento-sabrosa,e_self_ref_ok,
canalizador-desentupimento-salzedas.html,https://canalizador-urgente.pt/canalizador-desentupimento-salzedas,e_self_ref_ok,
canalizador-desentupimento-sanfins-do-douro.html,https://canalizador-urgente.pt/canalizador-desentupimento-sanfins-do-douro,e_self_ref_ok,
canalizador-desentupimento-santa-marinha-do-zezere.html,https://canalizador-urgente.pt/canalizador-desentupimento-santa-marinha-do-zezere,e_self_ref_ok,
canalizador-desentupimento-santa-marta-de-penaguiao.html,https://canalizador-urgente.pt/canalizador-desentupimento-santa-marta-de-penaguiao,e_self_ref_ok,
canalizador-desentupimento-santo-estevao.html,https://canalizador-urgente.pt/canalizador-desentupimento-santo-estevao,e_self_ref_ok,
canalizador-desentupimento-sao-cosmado.html,https://canalizador-urgente.pt/canalizador-desentupimento-sao-cosmado,e_self_ref_ok,
canalizador-desentupimento-sao-joao-da-pesqueira.html,https://canalizador-urgente.pt/canalizador-desentupimento-sao-joao-da-pesqueira,e_self_ref_ok,
canalizador-desentupimento-sao-joao-de-tarouca.html,https://canalizador-urgente.pt/canalizador-desentupimento-sao-joao-de-tarouca,e_self_ref_ok,
canalizador-desentupimento-sao-martinho-de-anta.html,https://canalizador-urgente.pt/canalizador-desentupimento-sao-martinho-de-anta,e_self_ref_ok,
canalizador-desentupimento-sao-martinho-de-mouros.html,https://canalizador-urgente.pt/canalizador-desentupimento-sao-martinho-de-mouros,e_self_ref_ok,
canalizador-desentupimento-sendim.html,https://canalizador-urgente.pt/canalizador-desentupimento-sendim,e_self_ref_ok,
canalizador-desentupimento-sernancelhe.html,https://canalizador-urgente.pt/canalizador-desentupimento-sernancelhe,e_self_ref_ok,
canalizador-desentupimento-tabuaco.html,https://canalizador-urgente.pt/canalizador-desentupimento-tabuaco,e_self_ref_ok,
canalizador-desentupimento-tarouca.html,https://canalizador-urgente.pt/canalizador-desentupimento-tarouca,e_self_ref_ok,
canalizador-desentupimento-torre-de-dona-chama.html,https://canalizador-urgente.pt/canalizador-desentupimento-torre-de-dona-chama,e_self_ref_ok,
canalizador-desentupimento-torre-de-moncorvo.html,https://canalizador-urgente.pt/canalizador-desentupimento-torre-de-moncorvo,e_self_ref_ok,
canalizador-desentupimento-trevoes.html,https://canalizador-urgente.pt/canalizador-desentupimento-trevoes,e_self_ref_ok,
canalizador-desentupimento-valdigem.html,https://canalizador-urgente.pt/canalizador-desentupimento-valdigem,e_self_ref_ok,
canalizador-desentupimento-valpacos.html,https://canalizador-urgente.pt/canalizador-urgente-valpacos,a_hub_same_concelho,cible = hub urgence concelho officiel
canalizador-desentupimento-vern.html,https://canalizador-urgente.pt/canalizador-desentupimento-vern,e_self_ref_ok,
canalizador-desentupimento-vidago.html,https://canalizador-urgente.pt/canalizador-desentupimento-vidago,e_self_ref_ok,
canalizador-desentupimento-vila-flor.html,https://canalizador-urgente.pt/canalizador-desentupimento-vila-flor,e_self_ref_ok,
canalizador-desentupimento-vila-franca-das-naves.html,https://canalizador-urgente.pt/canalizador-desentupimento-vila-franca-das-naves,e_self_ref_ok,
canalizador-desentupimento-vila-nova-de-foz-coa.html,https://canalizador-urgente.pt/canalizador-desentupimento-vila-nova-de-foz-coa,e_self_ref_ok,
canalizador-desentupimento-vila-pouca-de-aguiar.html,https://canalizador-urgente.pt/canalizador-desentupimento-vila-pouca-de-aguiar,e_self_ref_ok,
canalizador-desentupimento-vila-real.html,https://canalizador-urgente.pt/canalizador-desentupimento-vila-real,e_self_ref_ok,
canalizador-desentupimento-vilar-de-macada.html,https://canalizador-urgente.pt/canalizador-desentupimento-vilar-de-macada,e_self_ref_ok,
canalizador-desentupimento-vilarandelo.html,https://canalizador-urgente.pt/canalizador-desentupimento-vilarandelo,e_self_ref_ok,
canalizador-desentupimento-vimioso.html,https://canalizador-urgente.pt/canalizador-desentupimento-vimioso,e_self_ref_ok,
canalizador-desentupimento-vinhais.html,https://canalizador-urgente.pt/canalizador-desentupimento-vinhais,e_self_ref_ok,
canalizador-desentupimento-xinzo-de-limia.html,https://canalizador-urgente.pt/canalizador-desentupimento-xinzo-de-limia,e_self_ref_ok,
canalizador-distrito-de-braganca.html,https://canalizador-urgente.pt/canalizador-distrito-de-braganca,e_self_ref_ok,
canalizador-distrito-de-guarda.html,https://canalizador-urgente.pt/canalizador-distrito-de-guarda,e_self_ref_ok,
canalizador-distrito-de-vila-real.html,https://canalizador-urgente.pt/canalizador-distrito-de-vila-real,e_self_ref_ok,
canalizador-donai.html,https://canalizador-urgente.pt/canalizador-donai,e_self_ref_ok,
canalizador-donoes.html,https://canalizador-urgente.pt/canalizador-donoes,e_self_ref_ok,
canalizador-duas-igrejas.html,https://canalizador-urgente.pt/canalizador-duas-igrejas,e_self_ref_ok,
canalizador-edral.html,https://canalizador-urgente.pt/canalizador-edral,e_self_ref_ok,
canalizador-edrosa.html,https://canalizador-urgente.pt/canalizador-edrosa,e_self_ref_ok,
canalizador-edroso.html,https://canalizador-urgente.pt/canalizador-edroso,e_self_ref_ok,
canalizador-eirado.html,https://canalizador-urgente.pt/canalizador-eirado,e_self_ref_ok,
canalizador-eiras-maiores.html,https://canalizador-urgente.pt/canalizador-eiras-maiores,e_self_ref_ok,
canalizador-eiras.html,https://canalizador-urgente.pt/canalizador-eiras,e_self_ref_ok,
canalizador-eivados.html,https://canalizador-urgente.pt/canalizador-eivados,e_self_ref_ok,
canalizador-eixes.html,https://canalizador-urgente.pt/canalizador-eixes,e_self_ref_ok,
canalizador-ermelo.html,https://canalizador-urgente.pt/canalizador-ermelo,e_self_ref_ok,
canalizador-ermida.html,https://canalizador-urgente.pt/canalizador-ermida,e_self_ref_ok,
canalizador-ermidas.html,https://canalizador-urgente.pt/canalizador-ermidas,e_self_ref_ok,
canalizador-ervas-tenras.html,https://canalizador-urgente.pt/canalizador-ervas-tenras,e_self_ref_ok,
canalizador-ervededo.html,https://canalizador-urgente.pt/canalizador-ervededo,e_self_ref_ok,
canalizador-ervedosa-do-douro.html,https://canalizador-urgente.pt/canalizador-ervedosa-do-douro,e_self_ref_ok,
canalizador-ervedosa.html,https://canalizador-urgente.pt/canalizador-ervedosa,e_self_ref_ok,
canalizador-ervideira.html,https://canalizador-urgente.pt/canalizador-ervideira,e_self_ref_ok,
canalizador-ervoes.html,https://canalizador-urgente.pt/canalizador-ervoes,e_self_ref_ok,
canalizador-escalhao.html,https://canalizador-urgente.pt/canalizador-escalhao,e_self_ref_ok,
canalizador-escarigo.html,https://canalizador-urgente.pt/canalizador-escarigo,e_self_ref_ok,
canalizador-escurquela.html,https://canalizador-urgente.pt/canalizador-escurquela,e_self_ref_ok,
canalizador-espadaedo.html,https://canalizador-urgente.pt/canalizador-espadaedo,e_self_ref_ok,
canalizador-espadanedo.html,https://canalizador-urgente.pt/canalizador-espadanedo,e_self_ref_ok,
canalizador-espinhosa.html,https://canalizador-urgente.pt/canalizador-espinhosa,e_self_ref_ok,
canalizador-espinhosela.html,https://canalizador-urgente.pt/canalizador-espinhosela,e_self_ref_ok,
canalizador-esquentador-alfandega-da-fe.html,https://canalizador-urgente.pt/canalizador-esquentador-alfandega-da-fe,e_self_ref_ok,
canalizador-esquentador-alijo.html,https://canalizador-urgente.pt/canalizador-urgente-alijo,a_hub_same_concelho,cible = hub urgence concelho officiel
canalizador-esquentador-almendra.html,https://canalizador-urgente.pt/canalizador-esquentador-almendra,e_self_ref_ok,
canalizador-esquentador-amarante.html,https://canalizador-urgente.pt/canalizador-esquentador-amarante,e_self_ref_ok,
canalizador-esquentador-argozelo.html,https://canalizador-urgente.pt/canalizador-esquentador-argozelo,e_self_ref_ok,
canalizador-esquentador-armamar.html,https://canalizador-urgente.pt/canalizador-esquentador-armamar,e_self_ref_ok,
canalizador-esquentador-boticas.html,https://canalizador-urgente.pt/canalizador-esquentador-boticas,e_self_ref_ok,
canalizador-esquentador-braganca.html,https://canalizador-urgente.pt/canalizador-esquentador-braganca,e_self_ref_ok,
canalizador-esquentador-britiande.html,https://canalizador-urgente.pt/canalizador-esquentador-britiande,e_self_ref_ok,
canalizador-esquentador-cambres.html,https://canalizador-urgente.pt/canalizador-esquentador-cambres,e_self_ref_ok,
canalizador-esquentador-carrazeda-de-ansiaes.html,https://canalizador-urgente.pt/canalizador-esquentador-carrazeda-de-ansiaes,e_self_ref_ok,
canalizador-esquentador-carrazedo-de-montenegro.html,https://canalizador-urgente.pt/canalizador-esquentador-carrazedo-de-montenegro,e_self_ref_ok,
canalizador-esquentador-cedovim.html,https://canalizador-urgente.pt/canalizador-esquentador-cedovim,e_self_ref_ok,
canalizador-esquentador-cerva.html,https://canalizador-urgente.pt/canalizador-esquentador-cerva,e_self_ref_ok,
canalizador-esquentador-chaves.html,https://canalizador-urgente.pt/canalizador-esquentador-chaves,e_self_ref_ok,
canalizador-esquentador-cumieira.html,https://canalizador-urgente.pt/canalizador-esquentador-cumieira,e_self_ref_ok,
canalizador-esquentador-ervedosa-do-douro.html,https://canalizador-urgente.pt/canalizador-esquentador-ervedosa-do-douro,e_self_ref_ok,
canalizador-esquentador-favaios.html,https://canalizador-urgente.pt/canalizador-esquentador-favaios,e_self_ref_ok,
canalizador-esquentador-figueira-de-castelo-rodrigo.html,https://canalizador-urgente.pt/canalizador-esquentador-figueira-de-castelo-rodrigo,e_self_ref_ok,
canalizador-esquentador-freixo-de-espada-a-cinta.html,https://canalizador-urgente.pt/canalizador-esquentador-freixo-de-espada-a-cinta,e_self_ref_ok,
canalizador-esquentador-freixo-de-numao.html,https://canalizador-urgente.pt/canalizador-esquentador-freixo-de-numao,e_self_ref_ok,
canalizador-esquentador-izeda.html,https://canalizador-urgente.pt/canalizador-esquentador-izeda,e_self_ref_ok,
canalizador-esquentador-lalim.html,https://canalizador-urgente.pt/canalizador-esquentador-lalim,e_self_ref_ok,
canalizador-esquentador-lamego.html,https://canalizador-urgente.pt/canalizador-urgente-lamego,a_hub_same_concelho,cible = hub urgence concelho officiel
canalizador-esquentador-lazarim.html,https://canalizador-urgente.pt/canalizador-esquentador-lazarim,e_self_ref_ok,
canalizador-esquentador-lixa.html,https://canalizador-urgente.pt/canalizador-esquentador-lixa,e_self_ref_ok,
canalizador-esquentador-lordelo.html,https://canalizador-urgente.pt/canalizador-esquentador-lordelo,e_self_ref_ok,
canalizador-esquentador-macedo-de-cavaleiros.html,https://canalizador-urgente.pt/canalizador-esquentador-macedo-de-cavaleiros,e_self_ref_ok,
canalizador-esquentador-marco-de-canaveses.html,https://canalizador-urgente.pt/canalizador-esquentador-marco-de-canaveses,e_self_ref_ok,
canalizador-esquentador-marialva.html,https://canalizador-urgente.pt/canalizador-esquentador-marialva,e_self_ref_ok,
canalizador-esquentador-mesao-frio.html,https://canalizador-urgente.pt/canalizador-esquentador-mesao-frio,e_self_ref_ok,
canalizador-esquentador-miranda-do-douro.html,https://canalizador-urgente.pt/canalizador-urgente-miranda-do-douro,a_hub_same_concelho,cible = hub urgence concelho officiel
canalizador-esquentador-mirandela.html,https://canalizador-urgente.pt/canalizador-esquentador-mirandela,e_self_ref_ok,
canalizador-esquentador-mogadouro.html,https://canalizador-urgente.pt/canalizador-urgente-mogadouro,a_hub_same_concelho,cible = hub urgence concelho officiel
canalizador-esquentador-mondim-da-beira.html,https://canalizador-urgente.pt/canalizador-esquentador-mondim-da-beira,e_self_ref_ok,
canalizador-esquentador-mondim-de-basto.html,https://canalizador-urgente.pt/canalizador-esquentador-mondim-de-basto,e_self_ref_ok,
canalizador-esquentador-montalegre.html,https://canalizador-urgente.pt/canalizador-esquentador-montalegre,e_self_ref_ok,
canalizador-esquentador-moucos.html,https://canalizador-urgente.pt/canalizador-esquentador-moucos,e_self_ref_ok,
canalizador-esquentador-murca.html,https://canalizador-urgente.pt/canalizador-esquentador-murca,e_self_ref_ok,
canalizador-esquentador-pedras-salgadas.html,https://canalizador-urgente.pt/canalizador-esquentador-pedras-salgadas,e_self_ref_ok,
canalizador-esquentador-penedono.html,https://canalizador-urgente.pt/canalizador-esquentador-penedono,e_self_ref_ok,
canalizador-esquentador-peso-da-regua.html,https://canalizador-urgente.pt/canalizador-urgente-peso-da-regua,a_hub_same_concelho,cible = hub urgence concelho officiel
canalizador-esquentador-pinhao.html,https://canalizador-urgente.pt/canalizador-esquentador-pinhao,e_self_ref_ok,
canalizador-esquentador-resende.html,https://canalizador-urgente.pt/canalizador-esquentador-resende,e_self_ref_ok,
canalizador-esquentador-ribeira-de-pena.html,https://canalizador-urgente.pt/canalizador-esquentador-ribeira-de-pena,e_self_ref_ok,
canalizador-esquentador-sabrosa.html,https://canalizador-urgente.pt/canalizador-esquentador-sabrosa,e_self_ref_ok,
canalizador-esquentador-salzedas.html,https://canalizador-urgente.pt/canalizador-esquentador-salzedas,e_self_ref_ok,
canalizador-esquentador-sanfins-do-douro.html,https://canalizador-urgente.pt/canalizador-esquentador-sanfins-do-douro,e_self_ref_ok,
canalizador-esquentador-santa-marinha-do-zezere.html,https://canalizador-urgente.pt/canalizador-esquentador-santa-marinha-do-zezere,e_self_ref_ok,
canalizador-esquentador-santa-marta-de-penaguiao.html,https://canalizador-urgente.pt/canalizador-esquentador-santa-marta-de-penaguiao,e_self_ref_ok,
canalizador-esquentador-santo-estevao.html,https://canalizador-urgente.pt/canalizador-esquentador-santo-estevao,e_self_ref_ok,
canalizador-esquentador-sao-cosmado.html,https://canalizador-urgente.pt/canalizador-esquentador-sao-cosmado,e_self_ref_ok,
canalizador-esquentador-sao-joao-da-pesqueira.html,https://canalizador-urgente.pt/canalizador-esquentador-sao-joao-da-pesqueira,e_self_ref_ok,
canalizador-esquentador-sao-joao-de-tarouca.html,https://canalizador-urgente.pt/canalizador-esquentador-sao-joao-de-tarouca,e_self_ref_ok,
canalizador-esquentador-sao-martinho-de-anta.html,https://canalizador-urgente.pt/canalizador-esquentador-sao-martinho-de-anta,e_self_ref_ok,
canalizador-esquentador-sao-martinho-de-mouros.html,https://canalizador-urgente.pt/canalizador-esquentador-sao-martinho-de-mouros,e_self_ref_ok,
canalizador-esquentador-sendim.html,https://canalizador-urgente.pt/canalizador-esquentador-sendim,e_self_ref_ok,
canalizador-esquentador-sernancelhe.html,https://canalizador-urgente.pt/canalizador-esquentador-sernancelhe,e_self_ref_ok,
canalizador-esquentador-tabuaco.html,https://canalizador-urgente.pt/canalizador-esquentador-tabuaco,e_self_ref_ok,
canalizador-esquentador-tarouca.html,https://canalizador-urgente.pt/canalizador-esquentador-tarouca,e_self_ref_ok,
canalizador-esquentador-torre-de-dona-chama.html,https://canalizador-urgente.pt/canalizador-esquentador-torre-de-dona-chama,e_self_ref_ok,
canalizador-esquentador-torre-de-moncorvo.html,https://canalizador-urgente.pt/canalizador-esquentador-torre-de-moncorvo,e_self_ref_ok,
canalizador-esquentador-trevoes.html,https://canalizador-urgente.pt/canalizador-esquentador-trevoes,e_self_ref_ok,
canalizador-esquentador-valdigem.html,https://canalizador-urgente.pt/canalizador-esquentador-valdigem,e_self_ref_ok,
canalizador-esquentador-valpacos.html,https://canalizador-urgente.pt/canalizador-urgente-valpacos,a_hub_same_concelho,cible = hub urgence concelho officiel
canalizador-esquentador-vern.html,https://canalizador-urgente.pt/canalizador-esquentador-vern,e_self_ref_ok,
canalizador-esquentador-vidago.html,https://canalizador-urgente.pt/canalizador-esquentador-vidago,e_self_ref_ok,
canalizador-esquentador-vila-flor.html,https://canalizador-urgente.pt/canalizador-esquentador-vila-flor,e_self_ref_ok,
canalizador-esquentador-vila-franca-das-naves.html,https://canalizador-urgente.pt/canalizador-esquentador-vila-franca-das-naves,e_self_ref_ok,
canalizador-esquentador-vila-nova-de-foz-coa.html,https://canalizador-urgente.pt/canalizador-esquentador-vila-nova-de-foz-coa,e_self_ref_ok,
canalizador-esquentador-vila-pouca-de-aguiar.html,https://canalizador-urgente.pt/canalizador-esquentador-vila-pouca-de-aguiar,e_self_ref_ok,
canalizador-esquentador-vila-real.html,https://canalizador-urgente.pt/canalizador-esquentador-vila-real,e_self_ref_ok,
canalizador-esquentador-vilar-de-macada.html,https://canalizador-urgente.pt/canalizador-esquentador-vilar-de-macada,e_self_ref_ok,
canalizador-esquentador-vilarandelo.html,https://canalizador-urgente.pt/canalizador-esquentador-vilarandelo,e_self_ref_ok,
canalizador-esquentador-vimioso.html,https://canalizador-urgente.pt/canalizador-esquentador-vimioso,e_self_ref_ok,
canalizador-esquentador-vinhais.html,https://canalizador-urgente.pt/canalizador-urgente-vinhais,a_hub_same_concelho,cible = hub urgence concelho officiel
canalizador-esquentador-xinzo-de-limia.html,https://canalizador-urgente.pt/canalizador-esquentador-xinzo-de-limia,e_self_ref_ok,
canalizador-eucisia.html,https://canalizador-urgente.pt/canalizador-eucisia,e_self_ref_ok,
canalizador-faioes.html,https://canalizador-urgente.pt/canalizador-faioes,e_self_ref_ok,
canalizador-falde.html,https://canalizador-urgente.pt/canalizador-falde,e_self_ref_ok,
canalizador-falgueiras.html,https://canalizador-urgente.pt/canalizador-falgueiras,e_self_ref_ok,
canalizador-fariza-de-sayago.html,https://canalizador-urgente.pt/canalizador-fariza-de-sayago,e_self_ref_ok,
canalizador-favaios.html,https://canalizador-urgente.pt/canalizador-favaios,e_self_ref_ok,
canalizador-feirao.html,https://canalizador-urgente.pt/canalizador-feirao,e_self_ref_ok,
canalizador-feital.html,https://canalizador-urgente.pt/canalizador-feital,e_self_ref_ok,
canalizador-felgar.html,https://canalizador-urgente.pt/canalizador-felgar,e_self_ref_ok,
canalizador-felgueiras.html,https://canalizador-urgente.pt/canalizador-felgueiras,e_self_ref_ok,
canalizador-fermentaos.html,https://canalizador-urgente.pt/canalizador-fermentaos,e_self_ref_ok,
canalizador-ferradosa.html,https://canalizador-urgente.pt/canalizador-ferradosa,e_self_ref_ok,
canalizador-ferreira.html,https://canalizador-urgente.pt/canalizador-ferreira,e_self_ref_ok,
canalizador-ferreirim.html,https://canalizador-urgente.pt/canalizador-ferreirim,e_self_ref_ok,
canalizador-ferreiros-de-avoes.html,https://canalizador-urgente.pt/canalizador-ferreiros-de-avoes,e_self_ref_ok,
canalizador-ferreruela-de-tabara.html,https://canalizador-urgente.pt/canalizador-ferreruela-de-tabara,e_self_ref_ok,
canalizador-fervidelas.html,https://canalizador-urgente.pt/canalizador-fervidelas,e_self_ref_ok,
canalizador-fiaes-do-rio.html,https://canalizador-urgente.pt/canalizador-fiaes-do-rio,e_self_ref_ok,
canalizador-fiaes-do-tamega.html,https://canalizador-urgente.pt/canalizador-fiaes-do-tamega,e_self_ref_ok,
canalizador-fiaes.html,https://canalizador-urgente.pt/canalizador-fiaes,e_self_ref_ok,
canalizador-figueira-de-castelo-rodrigo.html,https://canalizador-urgente.pt/canalizador-figueira-de-castelo-rodrigo,e_self_ref_ok,
canalizador-fiolhoso.html,https://canalizador-urgente.pt/canalizador-fiolhoso,e_self_ref_ok,
canalizador-folgosa.html,https://canalizador-urgente.pt/canalizador-folgosa,e_self_ref_ok,
canalizador-folhada.html,https://canalizador-urgente.pt/canalizador-folhada,e_self_ref_ok,
canalizador-folhadela.html,https://canalizador-urgente.pt/canalizador-folhadela,e_self_ref_ok,
canalizador-fonfra.html,https://canalizador-urgente.pt/canalizador-fonfra,e_self_ref_ok,
canalizador-fontao.html,https://canalizador-urgente.pt/canalizador-fontao,e_self_ref_ok,
canalizador-fonte-da-urze.html,https://canalizador-urgente.pt/canalizador-fonte-da-urze,e_self_ref_ok,
canalizador-fonte-longa.html,https://canalizador-urgente.pt/canalizador-fonte-longa,e_self_ref_ok,
canalizador-fornos-de-ledra.html,https://canalizador-urgente.pt/canalizador-fornos-de-ledra,e_self_ref_ok,
canalizador-fornos-do-pinhal.html,https://canalizador-urgente.pt/canalizador-fornos-do-pinhal,e_self_ref_ok,
canalizador-fornos.html,https://canalizador-urgente.pt/canalizador-fornos,e_self_ref_ok,
canalizador-fossa-septica-alfandega-da-fe.html,https://canalizador-urgente.pt/canalizador-fossa-septica-alfandega-da-fe,e_self_ref_ok,
canalizador-fossa-septica-alijo.html,https://canalizador-urgente.pt/canalizador-urgente-alijo,a_hub_same_concelho,cible = hub urgence concelho officiel
canalizador-fossa-septica-almendra.html,https://canalizador-urgente.pt/canalizador-fossa-septica-almendra,e_self_ref_ok,
canalizador-fossa-septica-amarante.html,https://canalizador-urgente.pt/canalizador-fossa-septica-amarante,e_self_ref_ok,
canalizador-fossa-septica-argozelo.html,https://canalizador-urgente.pt/canalizador-fossa-septica-argozelo,e_self_ref_ok,
canalizador-fossa-septica-armamar.html,https://canalizador-urgente.pt/canalizador-fossa-septica-armamar,e_self_ref_ok,
canalizador-fossa-septica-boticas.html,https://canalizador-urgente.pt/canalizador-fossa-septica-boticas,e_self_ref_ok,
canalizador-fossa-septica-braganca.html,https://canalizador-urgente.pt/canalizador-fossa-septica-braganca,e_self_ref_ok,
canalizador-fossa-septica-britiande.html,https://canalizador-urgente.pt/canalizador-fossa-septica-britiande,e_self_ref_ok,
canalizador-fossa-septica-cambres.html,https://canalizador-urgente.pt/canalizador-fossa-septica-cambres,e_self_ref_ok,
canalizador-fossa-septica-carrazeda-de-ansiaes.html,https://canalizador-urgente.pt/canalizador-fossa-septica-carrazeda-de-ansiaes,e_self_ref_ok,
canalizador-fossa-septica-carrazedo-de-montenegro.html,https://canalizador-urgente.pt/canalizador-fossa-septica-carrazedo-de-montenegro,e_self_ref_ok,
canalizador-fossa-septica-cedovim.html,https://canalizador-urgente.pt/canalizador-fossa-septica-cedovim,e_self_ref_ok,
canalizador-fossa-septica-cerva.html,https://canalizador-urgente.pt/canalizador-fossa-septica-cerva,e_self_ref_ok,
canalizador-fossa-septica-chaves.html,https://canalizador-urgente.pt/canalizador-fossa-septica-chaves,e_self_ref_ok,
canalizador-fossa-septica-cumieira.html,https://canalizador-urgente.pt/canalizador-fossa-septica-cumieira,e_self_ref_ok,
canalizador-fossa-septica-ervedosa-do-douro.html,https://canalizador-urgente.pt/canalizador-fossa-septica-ervedosa-do-douro,e_self_ref_ok,
canalizador-fossa-septica-favaios.html,https://canalizador-urgente.pt/canalizador-fossa-septica-favaios,e_self_ref_ok,
canalizador-fossa-septica-figueira-de-castelo-rodrigo.html,https://canalizador-urgente.pt/canalizador-fossa-septica-figueira-de-castelo-rodrigo,e_self_ref_ok,
canalizador-fossa-septica-freixo-de-espada-a-cinta.html,https://canalizador-urgente.pt/canalizador-fossa-septica-freixo-de-espada-a-cinta,e_self_ref_ok,
canalizador-fossa-septica-freixo-de-numao.html,https://canalizador-urgente.pt/canalizador-fossa-septica-freixo-de-numao,e_self_ref_ok,
canalizador-fossa-septica-izeda.html,https://canalizador-urgente.pt/canalizador-fossa-septica-izeda,e_self_ref_ok,
canalizador-fossa-septica-lalim.html,https://canalizador-urgente.pt/canalizador-fossa-septica-lalim,e_self_ref_ok,
canalizador-fossa-septica-lamego.html,https://canalizador-urgente.pt/canalizador-urgente-lamego,a_hub_same_concelho,cible = hub urgence concelho officiel
canalizador-fossa-septica-lazarim.html,https://canalizador-urgente.pt/canalizador-fossa-septica-lazarim,e_self_ref_ok,
canalizador-fossa-septica-lixa.html,https://canalizador-urgente.pt/canalizador-fossa-septica-lixa,e_self_ref_ok,
canalizador-fossa-septica-lordelo.html,https://canalizador-urgente.pt/canalizador-fossa-septica-lordelo,e_self_ref_ok,
canalizador-fossa-septica-macedo-de-cavaleiros.html,https://canalizador-urgente.pt/canalizador-fossa-septica-macedo-de-cavaleiros,e_self_ref_ok,
canalizador-fossa-septica-marco-de-canaveses.html,https://canalizador-urgente.pt/canalizador-fossa-septica-marco-de-canaveses,e_self_ref_ok,
canalizador-fossa-septica-marialva.html,https://canalizador-urgente.pt/canalizador-fossa-septica-marialva,e_self_ref_ok,
canalizador-fossa-septica-mesao-frio.html,https://canalizador-urgente.pt/canalizador-fossa-septica-mesao-frio,e_self_ref_ok,
canalizador-fossa-septica-miranda-do-douro.html,https://canalizador-urgente.pt/canalizador-urgente-miranda-do-douro,a_hub_same_concelho,cible = hub urgence concelho officiel
canalizador-fossa-septica-mirandela.html,https://canalizador-urgente.pt/canalizador-fossa-septica-mirandela,e_self_ref_ok,
canalizador-fossa-septica-mogadouro.html,https://canalizador-urgente.pt/canalizador-urgente-mogadouro,a_hub_same_concelho,cible = hub urgence concelho officiel
canalizador-fossa-septica-mondim-da-beira.html,https://canalizador-urgente.pt/canalizador-fossa-septica-mondim-da-beira,e_self_ref_ok,
canalizador-fossa-septica-mondim-de-basto.html,https://canalizador-urgente.pt/canalizador-fossa-septica-mondim-de-basto,e_self_ref_ok,
canalizador-fossa-septica-montalegre.html,https://canalizador-urgente.pt/canalizador-fossa-septica-montalegre,e_self_ref_ok,
canalizador-fossa-septica-moucos.html,https://canalizador-urgente.pt/canalizador-fossa-septica-moucos,e_self_ref_ok,
canalizador-fossa-septica-murca.html,https://canalizador-urgente.pt/canalizador-fossa-septica-murca,e_self_ref_ok,
canalizador-fossa-septica-pedras-salgadas.html,https://canalizador-urgente.pt/canalizador-fossa-septica-pedras-salgadas,e_self_ref_ok,
canalizador-fossa-septica-penedono.html,https://canalizador-urgente.pt/canalizador-fossa-septica-penedono,e_self_ref_ok,
canalizador-fossa-septica-peso-da-regua.html,https://canalizador-urgente.pt/canalizador-urgente-peso-da-regua,a_hub_same_concelho,cible = hub urgence concelho officiel
canalizador-fossa-septica-pinhao.html,https://canalizador-urgente.pt/canalizador-fossa-septica-pinhao,e_self_ref_ok,
canalizador-fossa-septica-resende.html,https://canalizador-urgente.pt/canalizador-fossa-septica-resende,e_self_ref_ok,
canalizador-fossa-septica-ribeira-de-pena.html,https://canalizador-urgente.pt/canalizador-fossa-septica-ribeira-de-pena,e_self_ref_ok,
canalizador-fossa-septica-sabrosa.html,https://canalizador-urgente.pt/canalizador-fossa-septica-sabrosa,e_self_ref_ok,
canalizador-fossa-septica-salzedas.html,https://canalizador-urgente.pt/canalizador-fossa-septica-salzedas,e_self_ref_ok,
canalizador-fossa-septica-sanfins-do-douro.html,https://canalizador-urgente.pt/canalizador-fossa-septica-sanfins-do-douro,e_self_ref_ok,
canalizador-fossa-septica-santa-marinha-do-zezere.html,https://canalizador-urgente.pt/canalizador-fossa-septica-santa-marinha-do-zezere,e_self_ref_ok,
canalizador-fossa-septica-santa-marta-de-penaguiao.html,https://canalizador-urgente.pt/canalizador-fossa-septica-santa-marta-de-penaguiao,e_self_ref_ok,
canalizador-fossa-septica-santo-estevao.html,https://canalizador-urgente.pt/canalizador-fossa-septica-santo-estevao,e_self_ref_ok,
canalizador-fossa-septica-sao-cosmado.html,https://canalizador-urgente.pt/canalizador-fossa-septica-sao-cosmado,e_self_ref_ok,
canalizador-fossa-septica-sao-joao-da-pesqueira.html,https://canalizador-urgente.pt/canalizador-fossa-septica-sao-joao-da-pesqueira,e_self_ref_ok,
canalizador-fossa-septica-sao-joao-de-tarouca.html,https://canalizador-urgente.pt/canalizador-fossa-septica-sao-joao-de-tarouca,e_self_ref_ok,
canalizador-fossa-septica-sao-martinho-de-anta.html,https://canalizador-urgente.pt/canalizador-fossa-septica-sao-martinho-de-anta,e_self_ref_ok,
canalizador-fossa-septica-sao-martinho-de-mouros.html,https://canalizador-urgente.pt/canalizador-fossa-septica-sao-martinho-de-mouros,e_self_ref_ok,
canalizador-fossa-septica-sendim.html,https://canalizador-urgente.pt/canalizador-fossa-septica-sendim,e_self_ref_ok,
canalizador-fossa-septica-sernancelhe.html,https://canalizador-urgente.pt/canalizador-fossa-septica-sernancelhe,e_self_ref_ok,
canalizador-fossa-septica-tabuaco.html,https://canalizador-urgente.pt/canalizador-fossa-septica-tabuaco,e_self_ref_ok,
canalizador-fossa-septica-tarouca.html,https://canalizador-urgente.pt/canalizador-fossa-septica-tarouca,e_self_ref_ok,
canalizador-fossa-septica-torre-de-dona-chama.html,https://canalizador-urgente.pt/canalizador-fossa-septica-torre-de-dona-chama,e_self_ref_ok,
canalizador-fossa-septica-torre-de-moncorvo.html,https://canalizador-urgente.pt/canalizador-fossa-septica-torre-de-moncorvo,e_self_ref_ok,
canalizador-fossa-septica-trevoes.html,https://canalizador-urgente.pt/canalizador-fossa-septica-trevoes,e_self_ref_ok,
canalizador-fossa-septica-valdigem.html,https://canalizador-urgente.pt/canalizador-fossa-septica-valdigem,e_self_ref_ok,
canalizador-fossa-septica-valpacos.html,https://canalizador-urgente.pt/canalizador-urgente-valpacos,a_hub_same_concelho,cible = hub urgence concelho officiel
canalizador-fossa-septica-vern.html,https://canalizador-urgente.pt/canalizador-fossa-septica-vern,e_self_ref_ok,
canalizador-fossa-septica-vidago.html,https://canalizador-urgente.pt/canalizador-fossa-septica-vidago,e_self_ref_ok,
canalizador-fossa-septica-vila-flor.html,https://canalizador-urgente.pt/canalizador-fossa-septica-vila-flor,e_self_ref_ok,
canalizador-fossa-septica-vila-franca-das-naves.html,https://canalizador-urgente.pt/canalizador-fossa-septica-vila-franca-das-naves,e_self_ref_ok,
canalizador-fossa-septica-vila-nova-de-foz-coa.html,https://canalizador-urgente.pt/canalizador-fossa-septica-vila-nova-de-foz-coa,e_self_ref_ok,
canalizador-fossa-septica-vila-pouca-de-aguiar.html,https://canalizador-urgente.pt/canalizador-fossa-septica-vila-pouca-de-aguiar,e_self_ref_ok,
canalizador-fossa-septica-vila-real.html,https://canalizador-urgente.pt/canalizador-fossa-septica-vila-real,e_self_ref_ok,
canalizador-fossa-septica-vilar-de-macada.html,https://canalizador-urgente.pt/canalizador-fossa-septica-vilar-de-macada,e_self_ref_ok,
canalizador-fossa-septica-vilarandelo.html,https://canalizador-urgente.pt/canalizador-fossa-septica-vilarandelo,e_self_ref_ok,
canalizador-fossa-septica-vimioso.html,https://canalizador-urgente.pt/canalizador-fossa-septica-vimioso,e_self_ref_ok,
canalizador-fossa-septica-vinhais.html,https://canalizador-urgente.pt/canalizador-urgente-vinhais,a_hub_same_concelho,cible = hub urgence concelho officiel
canalizador-fossa-septica-xinzo-de-limia.html,https://canalizador-urgente.pt/canalizador-fossa-septica-xinzo-de-limia,e_self_ref_ok,
canalizador-fradizela.html,https://canalizador-urgente.pt/canalizador-fradizela,e_self_ref_ok,
canalizador-franca.html,https://canalizador-urgente.pt/canalizador-franca,e_self_ref_ok,
canalizador-franco.html,https://canalizador-urgente.pt/canalizador-franco,e_self_ref_ok,
canalizador-frechas.html,https://canalizador-urgente.pt/canalizador-frechas,e_self_ref_ok,
canalizador-freches.html,https://canalizador-urgente.pt/canalizador-freches,e_self_ref_ok,
canalizador-fregim.html,https://canalizador-urgente.pt/canalizador-fregim,e_self_ref_ok,
canalizador-freixeda-do-torrao.html,https://canalizador-urgente.pt/canalizador-freixeda-do-torrao,e_self_ref_ok,
canalizador-freixeda.html,https://canalizador-urgente.pt/canalizador-freixeda,e_self_ref_ok,
canalizador-freixedas.html,https://canalizador-urgente.pt/canalizador-freixedas,e_self_ref_ok,
canalizador-freixedinha.html,https://canalizador-urgente.pt/canalizador-freixedinha,e_self_ref_ok,
canalizador-freixial.html,https://canalizador-urgente.pt/canalizador-freixial,e_self_ref_ok,
canalizador-freixiel.html,https://canalizador-urgente.pt/canalizador-freixiel,e_self_ref_ok,
canalizador-freixo-de-baixo.html,https://canalizador-urgente.pt/canalizador-freixo-de-baixo,e_self_ref_ok,
canalizador-freixo-de-cima.html,https://canalizador-urgente.pt/canalizador-freixo-de-cima,e_self_ref_ok,
canalizador-freixo-de-espada-a-cinta.html,https://canalizador-urgente.pt/canalizador-freixo-de-espada-a-cinta,e_self_ref_ok,
canalizador-freixo-de-numao.html,https://canalizador-urgente.pt/canalizador-freixo-de-numao,e_self_ref_ok,
canalizador-frende.html,https://canalizador-urgente.pt/canalizador-frende,e_self_ref_ok,
canalizador-fresulfe.html,https://canalizador-urgente.pt/canalizador-fresulfe,e_self_ref_ok,
canalizador-fridao.html,https://canalizador-urgente.pt/canalizador-fridao,e_self_ref_ok,
canalizador-frieira.html,https://canalizador-urgente.pt/canalizador-frieira,e_self_ref_ok,
canalizador-frioes.html,https://canalizador-urgente.pt/canalizador-frioes,e_self_ref_ok,
canalizador-fuga-agua-alfandega-da-fe.html,https://canalizador-urgente.pt/canalizador-fuga-agua-alfandega-da-fe,e_self_ref_ok,
canalizador-fuga-agua-alijo.html,https://canalizador-urgente.pt/canalizador-urgente-alijo,a_hub_same_concelho,cible = hub urgence concelho officiel
canalizador-fuga-agua-almendra.html,https://canalizador-urgente.pt/canalizador-fuga-agua-almendra,e_self_ref_ok,
canalizador-fuga-agua-amarante.html,https://canalizador-urgente.pt/canalizador-fuga-agua-amarante,e_self_ref_ok,
canalizador-fuga-agua-argozelo.html,https://canalizador-urgente.pt/canalizador-fuga-agua-argozelo,e_self_ref_ok,
canalizador-fuga-agua-armamar.html,https://canalizador-urgente.pt/canalizador-fuga-agua-armamar,e_self_ref_ok,
canalizador-fuga-agua-boticas.html,https://canalizador-urgente.pt/canalizador-fuga-agua-boticas,e_self_ref_ok,
canalizador-fuga-agua-braganca.html,https://canalizador-urgente.pt/canalizador-fuga-agua-braganca,e_self_ref_ok,
canalizador-fuga-agua-britiande.html,https://canalizador-urgente.pt/canalizador-fuga-agua-britiande,e_self_ref_ok,
canalizador-fuga-agua-cambres.html,https://canalizador-urgente.pt/canalizador-fuga-agua-cambres,e_self_ref_ok,
canalizador-fuga-agua-carrazeda-de-ansiaes.html,https://canalizador-urgente.pt/canalizador-fuga-agua-carrazeda-de-ansiaes,e_self_ref_ok,
canalizador-fuga-agua-carrazedo-de-montenegro.html,https://canalizador-urgente.pt/canalizador-fuga-agua-carrazedo-de-montenegro,e_self_ref_ok,
canalizador-fuga-agua-cedovim.html,https://canalizador-urgente.pt/canalizador-fuga-agua-cedovim,e_self_ref_ok,
canalizador-fuga-agua-cerva.html,https://canalizador-urgente.pt/canalizador-fuga-agua-cerva,e_self_ref_ok,
canalizador-fuga-agua-chaves.html,https://canalizador-urgente.pt/canalizador-fuga-agua-chaves,e_self_ref_ok,
canalizador-fuga-agua-cumieira.html,https://canalizador-urgente.pt/canalizador-fuga-agua-cumieira,e_self_ref_ok,
canalizador-fuga-agua-ervedosa-do-douro.html,https://canalizador-urgente.pt/canalizador-fuga-agua-ervedosa-do-douro,e_self_ref_ok,
canalizador-fuga-agua-favaios.html,https://canalizador-urgente.pt/canalizador-fuga-agua-favaios,e_self_ref_ok,
canalizador-fuga-agua-figueira-de-castelo-rodrigo.html,https://canalizador-urgente.pt/canalizador-fuga-agua-figueira-de-castelo-rodrigo,e_self_ref_ok,
canalizador-fuga-agua-freixo-de-espada-a-cinta.html,https://canalizador-urgente.pt/canalizador-fuga-agua-freixo-de-espada-a-cinta,e_self_ref_ok,
canalizador-fuga-agua-freixo-de-numao.html,https://canalizador-urgente.pt/canalizador-fuga-agua-freixo-de-numao,e_self_ref_ok,
canalizador-fuga-agua-izeda.html,https://canalizador-urgente.pt/canalizador-fuga-agua-izeda,e_self_ref_ok,
canalizador-fuga-agua-lalim.html,https://canalizador-urgente.pt/canalizador-fuga-agua-lalim,e_self_ref_ok,
canalizador-fuga-agua-lamego.html,https://canalizador-urgente.pt/canalizador-urgente-lamego,a_hub_same_concelho,cible = hub urgence concelho officiel
canalizador-fuga-agua-lazarim.html,https://canalizador-urgente.pt/canalizador-fuga-agua-lazarim,e_self_ref_ok,
canalizador-fuga-agua-lixa.html,https://canalizador-urgente.pt/canalizador-fuga-agua-lixa,e_self_ref_ok,
canalizador-fuga-agua-lordelo.html,https://canalizador-urgente.pt/canalizador-fuga-agua-lordelo,e_self_ref_ok,
canalizador-fuga-agua-macedo-de-cavaleiros.html,https://canalizador-urgente.pt/canalizador-fuga-agua-macedo-de-cavaleiros,e_self_ref_ok,
canalizador-fuga-agua-marco-de-canaveses.html,https://canalizador-urgente.pt/canalizador-fuga-agua-marco-de-canaveses,e_self_ref_ok,
canalizador-fuga-agua-marialva.html,https://canalizador-urgente.pt/canalizador-fuga-agua-marialva,e_self_ref_ok,
canalizador-fuga-agua-mesao-frio.html,https://canalizador-urgente.pt/canalizador-fuga-agua-mesao-frio,e_self_ref_ok,
canalizador-fuga-agua-miranda-do-douro.html,https://canalizador-urgente.pt/canalizador-urgente-miranda-do-douro,a_hub_same_concelho,cible = hub urgence concelho officiel
canalizador-fuga-agua-mirandela.html,https://canalizador-urgente.pt/canalizador-fuga-agua-mirandela,e_self_ref_ok,
canalizador-fuga-agua-mogadouro.html,https://canalizador-urgente.pt/canalizador-urgente-mogadouro,a_hub_same_concelho,cible = hub urgence concelho officiel
canalizador-fuga-agua-mondim-da-beira.html,https://canalizador-urgente.pt/canalizador-fuga-agua-mondim-da-beira,e_self_ref_ok,
canalizador-fuga-agua-mondim-de-basto.html,https://canalizador-urgente.pt/canalizador-fuga-agua-mondim-de-basto,e_self_ref_ok,
canalizador-fuga-agua-montalegre.html,https://canalizador-urgente.pt/canalizador-fuga-agua-montalegre,e_self_ref_ok,
canalizador-fuga-agua-moucos.html,https://canalizador-urgente.pt/canalizador-fuga-agua-moucos,e_self_ref_ok,
canalizador-fuga-agua-murca.html,https://canalizador-urgente.pt/canalizador-fuga-agua-murca,e_self_ref_ok,
canalizador-fuga-agua-pedras-salgadas.html,https://canalizador-urgente.pt/canalizador-fuga-agua-pedras-salgadas,e_self_ref_ok,
canalizador-fuga-agua-penedono.html,https://canalizador-urgente.pt/canalizador-fuga-agua-penedono,e_self_ref_ok,
canalizador-fuga-agua-peso-da-regua.html,https://canalizador-urgente.pt/canalizador-urgente-peso-da-regua,a_hub_same_concelho,cible = hub urgence concelho officiel
canalizador-fuga-agua-pinhao.html,https://canalizador-urgente.pt/canalizador-fuga-agua-pinhao,e_self_ref_ok,
canalizador-fuga-agua-resende.html,https://canalizador-urgente.pt/canalizador-fuga-agua-resende,e_self_ref_ok,
canalizador-fuga-agua-ribeira-de-pena.html,https://canalizador-urgente.pt/canalizador-fuga-agua-ribeira-de-pena,e_self_ref_ok,
canalizador-fuga-agua-sabrosa.html,https://canalizador-urgente.pt/canalizador-fuga-agua-sabrosa,e_self_ref_ok,
canalizador-fuga-agua-salzedas.html,https://canalizador-urgente.pt/canalizador-fuga-agua-salzedas,e_self_ref_ok,
canalizador-fuga-agua-sanfins-do-douro.html,https://canalizador-urgente.pt/canalizador-fuga-agua-sanfins-do-douro,e_self_ref_ok,
canalizador-fuga-agua-santa-marinha-do-zezere.html,https://canalizador-urgente.pt/canalizador-fuga-agua-santa-marinha-do-zezere,e_self_ref_ok,
canalizador-fuga-agua-santa-marta-de-penaguiao.html,https://canalizador-urgente.pt/canalizador-fuga-agua-santa-marta-de-penaguiao,e_self_ref_ok,
canalizador-fuga-agua-santo-estevao.html,https://canalizador-urgente.pt/canalizador-fuga-agua-santo-estevao,e_self_ref_ok,
canalizador-fuga-agua-sao-cosmado.html,https://canalizador-urgente.pt/canalizador-fuga-agua-sao-cosmado,e_self_ref_ok,
canalizador-fuga-agua-sao-joao-da-pesqueira.html,https://canalizador-urgente.pt/canalizador-fuga-agua-sao-joao-da-pesqueira,e_self_ref_ok,
canalizador-fuga-agua-sao-joao-de-tarouca.html,https://canalizador-urgente.pt/canalizador-fuga-agua-sao-joao-de-tarouca,e_self_ref_ok,
canalizador-fuga-agua-sao-martinho-de-anta.html,https://canalizador-urgente.pt/canalizador-fuga-agua-sao-martinho-de-anta,e_self_ref_ok,
canalizador-fuga-agua-sao-martinho-de-mouros.html,https://canalizador-urgente.pt/canalizador-fuga-agua-sao-martinho-de-mouros,e_self_ref_ok,
canalizador-fuga-agua-sendim.html,https://canalizador-urgente.pt/canalizador-fuga-agua-sendim,e_self_ref_ok,
canalizador-fuga-agua-sernancelhe.html,https://canalizador-urgente.pt/canalizador-fuga-agua-sernancelhe,e_self_ref_ok,
canalizador-fuga-agua-tabuaco.html,https://canalizador-urgente.pt/canalizador-fuga-agua-tabuaco,e_self_ref_ok,
canalizador-fuga-agua-tarouca.html,https://canalizador-urgente.pt/canalizador-fuga-agua-tarouca,e_self_ref_ok,
canalizador-fuga-agua-torre-de-dona-chama.html,https://canalizador-urgente.pt/canalizador-fuga-agua-torre-de-dona-chama,e_self_ref_ok,
canalizador-fuga-agua-torre-de-moncorvo.html,https://canalizador-urgente.pt/canalizador-fuga-agua-torre-de-moncorvo,e_self_ref_ok,
canalizador-fuga-agua-trevoes.html,https://canalizador-urgente.pt/canalizador-fuga-agua-trevoes,e_self_ref_ok,
canalizador-fuga-agua-valdigem.html,https://canalizador-urgente.pt/canalizador-fuga-agua-valdigem,e_self_ref_ok,
canalizador-fuga-agua-valpacos.html,https://canalizador-urgente.pt/canalizador-urgente-valpacos,a_hub_same_concelho,cible = hub urgence concelho officiel
canalizador-fuga-agua-vern.html,https://canalizador-urgente.pt/canalizador-fuga-agua-vern,e_self_ref_ok,
canalizador-fuga-agua-vidago.html,https://canalizador-urgente.pt/canalizador-fuga-agua-vidago,e_self_ref_ok,
canalizador-fuga-agua-vila-flor.html,https://canalizador-urgente.pt/canalizador-fuga-agua-vila-flor,e_self_ref_ok,
canalizador-fuga-agua-vila-franca-das-naves.html,https://canalizador-urgente.pt/canalizador-fuga-agua-vila-franca-das-naves,e_self_ref_ok,
canalizador-fuga-agua-vila-nova-de-foz-coa.html,https://canalizador-urgente.pt/canalizador-fuga-agua-vila-nova-de-foz-coa,e_self_ref_ok,
canalizador-fuga-agua-vila-pouca-de-aguiar.html,https://canalizador-urgente.pt/canalizador-fuga-agua-vila-pouca-de-aguiar,e_self_ref_ok,
canalizador-fuga-agua-vila-real.html,https://canalizador-urgente.pt/canalizador-fuga-agua-vila-real,e_self_ref_ok,
canalizador-fuga-agua-vilar-de-macada.html,https://canalizador-urgente.pt/canalizador-fuga-agua-vilar-de-macada,e_self_ref_ok,
canalizador-fuga-agua-vilarandelo.html,https://canalizador-urgente.pt/canalizador-fuga-agua-vilarandelo,e_self_ref_ok,
canalizador-fuga-agua-vimioso.html,https://canalizador-urgente.pt/canalizador-fuga-agua-vimioso,e_self_ref_ok,
canalizador-fuga-agua-vinhais.html,https://canalizador-urgente.pt/canalizador-urgente-vinhais,a_hub_same_concelho,cible = hub urgence concelho officiel
canalizador-fuga-agua-xinzo-de-limia.html,https://canalizador-urgente.pt/canalizador-fuga-agua-xinzo-de-limia,e_self_ref_ok,
canalizador-fuinhas.html,https://canalizador-urgente.pt/canalizador-fuinhas,e_self_ref_ok,
canalizador-galafura.html,https://canalizador-urgente.pt/canalizador-galafura,e_self_ref_ok,
canalizador-gallegos-del-ro.html,https://canalizador-urgente.pt/canalizador-gallegos-del-ro,e_self_ref_ok,
canalizador-gandaricas.html,https://canalizador-urgente.pt/canalizador-gandaricas,e_self_ref_ok,
canalizador-gatao.html,https://canalizador-urgente.pt/canalizador-gatao,e_self_ref_ok,
canalizador-gateira.html,https://canalizador-urgente.pt/canalizador-gateira,e_self_ref_ok,
canalizador-gebelim.html,https://canalizador-urgente.pt/canalizador-gebelim,e_self_ref_ok,
canalizador-genisio.html,https://canalizador-urgente.pt/canalizador-gensio,c_money_other_concelho,cible=autre slug canalizador- non-officiel
canalizador-gestaco.html,https://canalizador-urgente.pt/canalizador-gestaco,e_self_ref_ok,
canalizador-gimonde.html,https://canalizador-urgente.pt/canalizador-gimonde,e_self_ref_ok,
canalizador-godim.html,https://canalizador-urgente.pt/canalizador-godim,e_self_ref_ok,
canalizador-gondesende.html,https://canalizador-urgente.pt/canalizador-gondesende,e_self_ref_ok,
canalizador-gorgoco.html,https://canalizador-urgente.pt/canalizador-gorgoco,e_self_ref_ok,
canalizador-gosende.html,https://canalizador-urgente.pt/canalizador-gosende,e_self_ref_ok,
canalizador-gostei.html,https://canalizador-urgente.pt/canalizador-gostei,e_self_ref_ok,
canalizador-goujoim.html,https://canalizador-urgente.pt/canalizador-goujoim,e_self_ref_ok,
canalizador-gouvaes-da-serra.html,https://canalizador-urgente.pt/canalizador-gouvaes-da-serra,e_self_ref_ok,
canalizador-gouvaes-do-douro.html,https://canalizador-urgente.pt/canalizador-gouvaes-do-douro,e_self_ref_ok,
canalizador-gouviaes.html,https://canalizador-urgente.pt/canalizador-gouviaes,e_self_ref_ok,
canalizador-gouvinhas.html,https://canalizador-urgente.pt/canalizador-gouvinhas,e_self_ref_ok,
canalizador-gradissimo.html,https://canalizador-urgente.pt/canalizador-gradssimo,c_money_other_concelho,cible=autre slug canalizador- non-officiel
canalizador-gradiz.html,https://canalizador-urgente.pt/canalizador-gradiz,e_self_ref_ok,
canalizador-gralhas.html,https://canalizador-urgente.pt/canalizador-gralhas,e_self_ref_ok,
canalizador-gralhos.html,https://canalizador-urgente.pt/canalizador-gralhos,e_self_ref_ok,
canalizador-granja-do-tedo.html,https://canalizador-urgente.pt/canalizador-granja-do-tedo,e_self_ref_ok,
canalizador-grijo-de-parada.html,https://canalizador-urgente.pt/canalizador-grijo-de-parada,e_self_ref_ok,
canalizador-grijo.html,https://canalizador-urgente.pt/canalizador-grijo,e_self_ref_ok,
canalizador-guiaes.html,https://canalizador-urgente.pt/canalizador-guiaes,e_self_ref_ok,
canalizador-guide.html,https://canalizador-urgente.pt/canalizador-guide,e_self_ref_ok,
canalizador-guilheiro.html,https://canalizador-urgente.pt/canalizador-guilheiro,e_self_ref_ok,
canalizador-horta-da-vilarica.html,https://canalizador-urgente.pt/canalizador-horta-da-vilarica,e_self_ref_ok,
canalizador-horta.html,https://canalizador-urgente.pt/canalizador-horta,e_self_ref_ok,
canalizador-ifanes.html,https://canalizador-urgente.pt/canalizador-ifanes,e_self_ref_ok,
canalizador-izeda.html,https://canalizador-urgente.pt/canalizador-izeda,e_self_ref_ok,
canalizador-jazente.html,https://canalizador-urgente.pt/canalizador-jazente,e_self_ref_ok,
canalizador-jerusalem-do-romeu.html,https://canalizador-urgente.pt/canalizador-jerusalem-do-romeu,e_self_ref_ok,
canalizador-jou.html,https://canalizador-urgente.pt/canalizador-jou,e_self_ref_ok,
canalizador-junca.html,https://canalizador-urgente.pt/canalizador-junca,e_self_ref_ok,
canalizador-junqueira.html,https://canalizador-urgente.pt/canalizador-junqueira,e_self_ref_ok,
canalizador-justes.html,https://canalizador-urgente.pt/canalizador-justes,e_self_ref_ok,
canalizador-la-pena.html,https://canalizador-urgente.pt/canalizador-la-pea,c_money_other_concelho,cible=autre slug canalizador- non-officiel
canalizador-la-vidola.html,https://canalizador-urgente.pt/canalizador-la-vdola,c_money_other_concelho,cible=autre slug canalizador- non-officiel
canalizador-lagoa.html,https://canalizador-urgente.pt/canalizador-lagoa,e_self_ref_ok,
canalizador-lagoaca.html,https://canalizador-urgente.pt/canalizador-lagoaca,e_self_ref_ok,
canalizador-lajeosa-do-mondego.html,https://canalizador-urgente.pt/canalizador-lajeosa-do-mondego,e_self_ref_ok,
canalizador-lalim.html,https://canalizador-urgente.pt/canalizador-lalim,e_self_ref_ok,
canalizador-lama-de-arcos.html,https://canalizador-urgente.pt/canalizador-lama-de-arcos,e_self_ref_ok,
canalizador-lamalonga.html,https://canalizador-urgente.pt/canalizador-lamalonga,e_self_ref_ok,
canalizador-lamares.html,https://canalizador-urgente.pt/canalizador-lamares,e_self_ref_ok,
canalizador-lamas-de-cavalo.html,https://canalizador-urgente.pt/canalizador-lamas-de-cavalo,e_self_ref_ok,
canalizador-lamas-de-olo.html,https://canalizador-urgente.pt/canalizador-lamas-de-olo,e_self_ref_ok,
canalizador-lamas-de-orelhao.html,https://canalizador-urgente.pt/canalizador-lamas-de-orelhao,e_self_ref_ok,
canalizador-lamas.html,https://canalizador-urgente.pt/canalizador-lamas,e_self_ref_ok,
canalizador-lamego.html,https://canalizador-urgente.pt/canalizador-urgente-lamego,a_hub_same_concelho,cible = hub urgence concelho officiel
canalizador-lancao.html,https://canalizador-urgente.pt/canalizador-lancao,e_self_ref_ok,
canalizador-larinho.html,https://canalizador-urgente.pt/canalizador-larinho,e_self_ref_ok,
canalizador-lavandeira.html,https://canalizador-urgente.pt/canalizador-lavandeira,e_self_ref_ok,
canalizador-lazarim.html,https://canalizador-urgente.pt/canalizador-lazarim,e_self_ref_ok,
canalizador-lebucao.html,https://canalizador-urgente.pt/canalizador-lebucao,e_self_ref_ok,
canalizador-legoinha.html,https://canalizador-urgente.pt/canalizador-legoinha,e_self_ref_ok,
canalizador-ligares.html,https://canalizador-urgente.pt/canalizador-ligares,e_self_ref_ok,
canalizador-lilela.html,https://canalizador-urgente.pt/canalizador-lilela,e_self_ref_ok,
canalizador-limaos.html,https://canalizador-urgente.pt/canalizador-limaos,e_self_ref_ok,
canalizador-limoes.html,https://canalizador-urgente.pt/canalizador-limoes,e_self_ref_ok,
canalizador-linhares.html,https://canalizador-urgente.pt/canalizador-linhares,e_self_ref_ok,
canalizador-lixa-do-alvao.html,https://canalizador-urgente.pt/canalizador-lixa-do-alvao,e_self_ref_ok,
canalizador-lixa.html,https://canalizador-urgente.pt/canalizador-lixa,e_self_ref_ok,
canalizador-lodoes.html,https://canalizador-urgente.pt/canalizador-lodoes,e_self_ref_ok,
canalizador-loivos-da-ribeira.html,https://canalizador-urgente.pt/canalizador-loivos-da-ribeira,e_self_ref_ok,
canalizador-loivos-do-monte.html,https://canalizador-urgente.pt/canalizador-loivos-do-monte,e_self_ref_ok,
canalizador-loivos.html,https://canalizador-urgente.pt/canalizador-loivos,e_self_ref_ok,
canalizador-lombo.html,https://canalizador-urgente.pt/canalizador-lombo,e_self_ref_ok,
canalizador-longa.html,https://canalizador-urgente.pt/canalizador-longa,e_self_ref_ok,
canalizador-longroiva.html,https://canalizador-urgente.pt/canalizador-longroiva,e_self_ref_ok,
canalizador-lordelo.html,https://canalizador-urgente.pt/canalizador-lordelo,e_self_ref_ok,
canalizador-louredo.html,https://canalizador-urgente.pt/canalizador-louredo,e_self_ref_ok,
canalizador-lousa.html,https://canalizador-urgente.pt/canalizador-lousa,e_self_ref_ok,
canalizador-lufrei.html,https://canalizador-urgente.pt/canalizador-lufrei,e_self_ref_ok,
canalizador-macal-do-chao.html,https://canalizador-urgente.pt/canalizador-macal-do-chao,e_self_ref_ok,
canalizador-macedinho.html,https://canalizador-urgente.pt/canalizador-macedinho,e_self_ref_ok,
canalizador-macedo-de-cavaleiros.html,https://canalizador-urgente.pt/canalizador-macedo-de-cavaleiros,e_self_ref_ok,
canalizador-macedo-do-mato.html,https://canalizador-urgente.pt/canalizador-macedo-do-mato,e_self_ref_ok,
canalizador-macedo-do-peso.html,https://canalizador-urgente.pt/canalizador-macedo-do-peso,e_self_ref_ok,
canalizador-maceira.html,https://canalizador-urgente.pt/canalizador-maceira,e_self_ref_ok,
canalizador-macores.html,https://canalizador-urgente.pt/canalizador-macores,e_self_ref_ok,
canalizador-madalena.html,https://canalizador-urgente.pt/canalizador-madalena,e_self_ref_ok,
canalizador-magueija.html,https://canalizador-urgente.pt/canalizador-magueija,e_self_ref_ok,
canalizador-mahde.html,https://canalizador-urgente.pt/canalizador-mahde,e_self_ref_ok,
canalizador-mairos.html,https://canalizador-urgente.pt/canalizador-mairos,e_self_ref_ok,
canalizador-malhadas.html,https://canalizador-urgente.pt/canalizador-malhadas,e_self_ref_ok,
canalizador-malta.html,https://canalizador-urgente.pt/canalizador-malta,e_self_ref_ok,
canalizador-mancelos.html,https://canalizador-urgente.pt/canalizador-mancelos,e_self_ref_ok,
canalizador-manigoto.html,https://canalizador-urgente.pt/canalizador-manigoto,e_self_ref_ok,
canalizador-marco-de-canaveses.html,https://canalizador-urgente.pt/canalizador-marco-de-canaveses,e_self_ref_ok,
canalizador-marialva.html,https://canalizador-urgente.pt/canalizador-marialva,e_self_ref_ok,
canalizador-marmelos.html,https://canalizador-urgente.pt/canalizador-marmelos,e_self_ref_ok,
canalizador-martim.html,https://canalizador-urgente.pt/canalizador-martim,e_self_ref_ok,
canalizador-marzagao.html,https://canalizador-urgente.pt/canalizador-marzagao,e_self_ref_ok,
canalizador-mascarenhas.html,https://canalizador-urgente.pt/canalizador-mascarenhas,e_self_ref_ok,
canalizador-mata-de-lobos.html,https://canalizador-urgente.pt/canalizador-mata-de-lobos,e_self_ref_ok,
canalizador-matela.html,https://canalizador-urgente.pt/canalizador-matela,e_self_ref_ok,
canalizador-mateus.html,https://canalizador-urgente.pt/canalizador-mateus,e_self_ref_ok,
canalizador-mazouco.html,https://canalizador-urgente.pt/canalizador-mazouco,e_self_ref_ok,
canalizador-medroes.html,https://canalizador-urgente.pt/canalizador-medroes,e_self_ref_ok,
canalizador-meijinhos.html,https://canalizador-urgente.pt/canalizador-meijinhos,e_self_ref_ok,
canalizador-meireles.html,https://canalizador-urgente.pt/canalizador-meireles,e_self_ref_ok,
canalizador-meirinhos.html,https://canalizador-urgente.pt/canalizador-meirinhos,e_self_ref_ok,
canalizador-meixedo.html,https://canalizador-urgente.pt/canalizador-meixedo,e_self_ref_ok,
canalizador-meixide.html,https://canalizador-urgente.pt/canalizador-meixide,e_self_ref_ok,
canalizador-melcoes.html,https://canalizador-urgente.pt/canalizador-melcoes,e_self_ref_ok,
canalizador-meles.html,https://canalizador-urgente.pt/canalizador-meles,e_self_ref_ok,
canalizador-melhe.html,https://canalizador-urgente.pt/canalizador-melhe,e_self_ref_ok,
canalizador-mesao-frio.html,https://canalizador-urgente.pt/canalizador-mesao-frio,e_self_ref_ok,
canalizador-mezio.html,https://canalizador-urgente.pt/canalizador-mezio,e_self_ref_ok,
canalizador-milhao.html,https://canalizador-urgente.pt/canalizador-milhao,e_self_ref_ok,
canalizador-minas-da-ervedosa.html,https://canalizador-urgente.pt/canalizador-minas-da-ervedosa,e_self_ref_ok,
canalizador-minhocal.html,https://canalizador-urgente.pt/canalizador-minhocal,e_self_ref_ok,
canalizador-miradezes.html,https://canalizador-urgente.pt/canalizador-miradezes,e_self_ref_ok,
canalizador-miranda-do-douro.html,https://canalizador-urgente.pt/canalizador-urgente-miranda-do-douro,a_hub_same_concelho,cible = hub urgence concelho officiel
canalizador-mirandela.html,https://canalizador-urgente.pt/canalizador-mirandela,e_self_ref_ok,
canalizador-mofreita.html,https://canalizador-urgente.pt/canalizador-mofreita,e_self_ref_ok,
canalizador-mogadouro.html,https://canalizador-urgente.pt/canalizador-urgente-mogadouro,a_hub_same_concelho,cible = hub urgence concelho officiel
canalizador-mogo-da-malta.html,https://canalizador-urgente.pt/canalizador-mogo-da-malta,e_self_ref_ok,
canalizador-mograo.html,https://canalizador-urgente.pt/canalizador-mograo,e_self_ref_ok,
canalizador-moimenta.html,https://canalizador-urgente.pt/canalizador-moimenta,e_self_ref_ok,
canalizador-mondim-da-beira.html,https://canalizador-urgente.pt/canalizador-mondim-da-beira,e_self_ref_ok,
canalizador-mondim-de-basto.html,https://canalizador-urgente.pt/canalizador-mondim-de-basto,e_self_ref_ok,
canalizador-mondroes.html,https://canalizador-urgente.pt/canalizador-mondroes,e_self_ref_ok,
canalizador-montalegre.html,https://canalizador-urgente.pt/canalizador-montalegre,e_self_ref_ok,
canalizador-monteiras.html,https://canalizador-urgente.pt/canalizador-monteiras,e_self_ref_ok,
canalizador-monterrei.html,https://canalizador-urgente.pt/canalizador-monterrei,e_self_ref_ok,
canalizador-montouto.html,https://canalizador-urgente.pt/canalizador-montouto,e_self_ref_ok,
canalizador-morais.html,https://canalizador-urgente.pt/canalizador-morais,e_self_ref_ok,
canalizador-moredo.html,https://canalizador-urgente.pt/canalizador-moredo,e_self_ref_ok,
canalizador-moreira-de-rei.html,https://canalizador-urgente.pt/canalizador-moreira-de-rei,e_self_ref_ok,
canalizador-moreira-do-castelo.html,https://canalizador-urgente.pt/canalizador-moreira-do-castelo,e_self_ref_ok,
canalizador-moreira.html,https://canalizador-urgente.pt/canalizador-moreira,e_self_ref_ok,
canalizador-mos-de-celas.html,https://canalizador-urgente.pt/canalizador-mos-de-celas,e_self_ref_ok,
canalizador-mos.html,https://canalizador-urgente.pt/canalizador-mos,e_self_ref_ok,
canalizador-mosteiro.html,https://canalizador-urgente.pt/canalizador-mosteiro,e_self_ref_ok,
canalizador-moucoes.html,https://canalizador-urgente.pt/canalizador-moucoes,e_self_ref_ok,
canalizador-moucos.html,https://canalizador-urgente.pt/canalizador-moucos,e_self_ref_ok,
canalizador-moura-morta.html,https://canalizador-urgente.pt/canalizador-moura-morta,e_self_ref_ok,
canalizador-mourao.html,https://canalizador-urgente.pt/canalizador-mourao,e_self_ref_ok,
canalizador-mourilhe.html,https://canalizador-urgente.pt/canalizador-mourilhe,e_self_ref_ok,
canalizador-mrias.html,https://canalizador-urgente.pt/canalizador-mrias,e_self_ref_ok,
canalizador-murca.html,https://canalizador-urgente.pt/canalizador-murca,e_self_ref_ok,
canalizador-murcos.html,https://canalizador-urgente.pt/canalizador-murcos,e_self_ref_ok,
canalizador-muxagata.html,https://canalizador-urgente.pt/canalizador-muxagata,e_self_ref_ok,
canalizador-nabo.html,https://canalizador-urgente.pt/canalizador-nabo,e_self_ref_ok,
canalizador-nagosa.html,https://canalizador-urgente.pt/canalizador-nagosa,e_self_ref_ok,
canalizador-nagozelo-do-douro.html,https://canalizador-urgente.pt/canalizador-nagozelo-do-douro,e_self_ref_ok,
canalizador-navalho.html,https://canalizador-urgente.pt/canalizador-navalho,e_self_ref_ok,
canalizador-nave-redonda.html,https://canalizador-urgente.pt/canalizador-nave-redonda,e_self_ref_ok,
canalizador-negreda.html,https://canalizador-urgente.pt/canalizador-negreda,e_self_ref_ok,
canalizador-negroes.html,https://canalizador-urgente.pt/canalizador-negroes,e_self_ref_ok,
canalizador-nogueira-da-montanha.html,https://canalizador-urgente.pt/canalizador-nogueira-da-montanha,e_self_ref_ok,
canalizador-nogueira.html,https://canalizador-urgente.pt/canalizador-nogueira,e_self_ref_ok,
canalizador-nogueirinha.html,https://canalizador-urgente.pt/canalizador-nogueirinha,e_self_ref_ok,
canalizador-noselos.html,https://canalizador-urgente.pt/canalizador-noselos,e_self_ref_ok,
canalizador-noura.html,https://canalizador-urgente.pt/canalizador-noura,e_self_ref_ok,
canalizador-nozelos.html,https://canalizador-urgente.pt/canalizador-nozelos,e_self_ref_ok,
canalizador-numao.html,https://canalizador-urgente.pt/canalizador-numao,e_self_ref_ok,
canalizador-nunes.html,https://canalizador-urgente.pt/canalizador-nunes,e_self_ref_ok,
canalizador-nuzedo-de-baixo.html,https://canalizador-urgente.pt/canalizador-nuzedo-de-baixo,e_self_ref_ok,
canalizador-o-rios.html,https://canalizador-urgente.pt/canalizador-o-rios,e_self_ref_ok,
canalizador-olas.html,https://canalizador-urgente.pt/canalizador-olas,e_self_ref_ok,
canalizador-olmos.html,https://canalizador-urgente.pt/canalizador-olmos,e_self_ref_ok,
canalizador-olo.html,https://canalizador-urgente.pt/canalizador-olo,e_self_ref_ok,
canalizador-ombra.html,https://canalizador-urgente.pt/canalizador-ombra,e_self_ref_ok,
canalizador-oucidres.html,https://canalizador-urgente.pt/canalizador-oucidres,e_self_ref_ok,
canalizador-oura.html,https://canalizador-urgente.pt/canalizador-oura,e_self_ref_ok,
canalizador-ourozinho.html,https://canalizador-urgente.pt/canalizador-ourozinho,e_self_ref_ok,
canalizador-ousilhao.html,https://canalizador-urgente.pt/canalizador-ousilhao,e_self_ref_ok,
canalizador-outeiro-de-gatos.html,https://canalizador-urgente.pt/canalizador-outeiro-de-gatos,e_self_ref_ok,
canalizador-outeiro-seco.html,https://canalizador-urgente.pt/canalizador-outeiro-seco,e_self_ref_ok,
canalizador-outeiro.html,https://canalizador-urgente.pt/canalizador-outeiro,e_self_ref_ok,
canalizador-paco-de-sortes.html,https://canalizador-urgente.pt/canalizador-paco-de-sortes,e_self_ref_ok,
canalizador-pacos.html,https://canalizador-urgente.pt/canalizador-pacos,e_self_ref_ok,
canalizador-padornelos.html,https://canalizador-urgente.pt/canalizador-padornelos,e_self_ref_ok,
canalizador-padrela.html,https://canalizador-urgente.pt/canalizador-padrela,e_self_ref_ok,
canalizador-padronelo.html,https://canalizador-urgente.pt/canalizador-padronelo,e_self_ref_ok,
canalizador-padroso.html,https://canalizador-urgente.pt/canalizador-padroso,e_self_ref_ok,
canalizador-padua-freixo.html,https://canalizador-urgente.pt/canalizador-padua-freixo,e_self_ref_ok,
canalizador-pai-penela.html,https://canalizador-urgente.pt/canalizador-pai-penela,e_self_ref_ok,
canalizador-pai-torto.html,https://canalizador-urgente.pt/canalizador-pai-torto,e_self_ref_ok,
canalizador-palacoulo.html,https://canalizador-urgente.pt/canalizador-palacoulo,e_self_ref_ok,
canalizador-palhais.html,https://canalizador-urgente.pt/canalizador-palhais,e_self_ref_ok,
canalizador-palheiros.html,https://canalizador-urgente.pt/canalizador-palheiros,e_self_ref_ok,
canalizador-parada-de-cunhos.html,https://canalizador-urgente.pt/canalizador-parada-de-cunhos,e_self_ref_ok,
canalizador-parada-de-monteiros.html,https://canalizador-urgente.pt/canalizador-parada-de-monteiros,e_self_ref_ok,
canalizador-parada-do-bispo.html,https://canalizador-urgente.pt/canalizador-parada-do-bispo,e_self_ref_ok,
canalizador-parada-do-pinhao.html,https://canalizador-urgente.pt/canalizador-parada-do-pinhao,e_self_ref_ok,
canalizador-parada.html,https://canalizador-urgente.pt/canalizador-parada,e_self_ref_ok,
canalizador-paradanca.html,https://canalizador-urgente.pt/canalizador-paradanca,e_self_ref_ok,
canalizador-paradela-de-guiaes.html,https://canalizador-urgente.pt/canalizador-paradela-de-guiaes,e_self_ref_ok,
canalizador-paradela-de-monforte.html,https://canalizador-urgente.pt/canalizador-paradela-de-monforte,e_self_ref_ok,
canalizador-paradela.html,https://canalizador-urgente.pt/canalizador-paradela,e_self_ref_ok,
canalizador-paradinha-de-besteiros.html,https://canalizador-urgente.pt/canalizador-paradinha-de-besteiros,e_self_ref_ok,
canalizador-paradinha-nova.html,https://canalizador-urgente.pt/canalizador-paradinha-nova,e_self_ref_ok,
canalizador-paradinha-velha.html,https://canalizador-urgente.pt/canalizador-paradinha-velha,e_self_ref_ok,
canalizador-parambos.html,https://canalizador-urgente.pt/canalizador-parambos,e_self_ref_ok,
canalizador-paramio.html,https://canalizador-urgente.pt/canalizador-paramio,e_self_ref_ok,
canalizador-pardelhas.html,https://canalizador-urgente.pt/canalizador-pardelhas,e_self_ref_ok,
canalizador-paredes-da-beira.html,https://canalizador-urgente.pt/canalizador-paredes-da-beira,e_self_ref_ok,
canalizador-paredes.html,https://canalizador-urgente.pt/canalizador-paredes,e_self_ref_ok,
canalizador-pas.html,https://canalizador-urgente.pt/canalizador-pas,e_self_ref_ok,
canalizador-passo.html,https://canalizador-urgente.pt/canalizador-passo,e_self_ref_ok,
canalizador-passos.html,https://canalizador-urgente.pt/canalizador-passos,e_self_ref_ok,
canalizador-paus.html,https://canalizador-urgente.pt/canalizador-paus,e_self_ref_ok,
canalizador-pedralba-de-la-praderia.html,https://canalizador-urgente.pt/canalizador-pedralba-de-la-pradera,c_money_other_concelho,cible=autre slug canalizador- non-officiel
canalizador-pedras-salgadas.html,https://canalizador-urgente.pt/canalizador-pedras-salgadas,e_self_ref_ok,
canalizador-pegarinhos.html,https://canalizador-urgente.pt/canalizador-pegarinhos,e_self_ref_ok,
canalizador-pena-verde.html,https://canalizador-urgente.pt/canalizador-pena-verde,e_self_ref_ok,
canalizador-pena.html,https://canalizador-urgente.pt/canalizador-pena,e_self_ref_ok,
canalizador-penajoia.html,https://canalizador-urgente.pt/canalizador-penajoia,e_self_ref_ok,
canalizador-penas-roias.html,https://canalizador-urgente.pt/canalizador-penas-roias,e_self_ref_ok,
canalizador-penedono.html,https://canalizador-urgente.pt/canalizador-penedono,e_self_ref_ok,
canalizador-penela-da-beira.html,https://canalizador-urgente.pt/canalizador-penela-da-beira,e_self_ref_ok,
canalizador-penha-de-aguia.html,https://canalizador-urgente.pt/canalizador-penha-de-aguia,e_self_ref_ok,
canalizador-penhas-juntas.html,https://canalizador-urgente.pt/canalizador-penhas-juntas,e_self_ref_ok,
canalizador-pensalvos.html,https://canalizador-urgente.pt/canalizador-pensalvos,e_self_ref_ok,
canalizador-penude.html,https://canalizador-urgente.pt/canalizador-penude,e_self_ref_ok,
canalizador-peredo-de-bemposta.html,https://canalizador-urgente.pt/canalizador-peredo-de-bemposta,e_self_ref_ok,
canalizador-peredo-dos-castelhanos.html,https://canalizador-urgente.pt/canalizador-peredo-dos-castelhanos,e_self_ref_ok,
canalizador-peredo.html,https://canalizador-urgente.pt/canalizador-peredo,e_self_ref_ok,
canalizador-pereira.html,https://canalizador-urgente.pt/canalizador-pereira,e_self_ref_ok,
canalizador-pereiros.html,https://canalizador-urgente.pt/canalizador-pereiros,e_self_ref_ok,
canalizador-perena-de-la-ribera.html,https://canalizador-urgente.pt/canalizador-perea-de-la-ribera,c_money_other_concelho,cible=autre slug canalizador- non-officiel
canalizador-peso-da-regua.html,https://canalizador-urgente.pt/canalizador-urgente-peso-da-regua,a_hub_same_concelho,cible = hub urgence concelho officiel
canalizador-picote.html,https://canalizador-urgente.pt/canalizador-picote,e_self_ref_ok,
canalizador-pinela.html,https://canalizador-urgente.pt/canalizador-pinela,e_self_ref_ok,
canalizador-pinelo.html,https://canalizador-urgente.pt/canalizador-pinelo,e_self_ref_ok,
canalizador-pinhal-do-norte.html,https://canalizador-urgente.pt/canalizador-pinhal-do-norte,e_self_ref_ok,
canalizador-pinhao.html,https://canalizador-urgente.pt/canalizador-pinhao,e_self_ref_ok,
canalizador-pinheiro-novo.html,https://canalizador-urgente.pt/canalizador-pinheiro-novo,e_self_ref_ok,
canalizador-pinheiros.html,https://canalizador-urgente.pt/canalizador-pinheiros,e_self_ref_ok,
canalizador-pinho.html,https://canalizador-urgente.pt/canalizador-pinho,e_self_ref_ok,
canalizador-pinhovelo.html,https://canalizador-urgente.pt/canalizador-pinhovelo,e_self_ref_ok,
canalizador-poco-do-canto.html,https://canalizador-urgente.pt/canalizador-poco-do-canto,e_self_ref_ok,
canalizador-podence.html,https://canalizador-urgente.pt/canalizador-podence,e_self_ref_ok,
canalizador-poiares.html,https://canalizador-urgente.pt/canalizador-poiares,e_self_ref_ok,
canalizador-pombal.html,https://canalizador-urgente.pt/canalizador-pombal,e_self_ref_ok,
canalizador-pombares.html,https://canalizador-urgente.pt/canalizador-pombares,e_self_ref_ok,
canalizador-populo.html,https://canalizador-urgente.pt/canalizador-populo,e_self_ref_ok,
canalizador-porrais.html,https://canalizador-urgente.pt/canalizador-porrais,e_self_ref_ok,
canalizador-porto-da-carne.html,https://canalizador-urgente.pt/canalizador-porto-da-carne,e_self_ref_ok,
canalizador-possacos.html,https://canalizador-urgente.pt/canalizador-possacos,e_self_ref_ok,
canalizador-pousadas.html,https://canalizador-urgente.pt/canalizador-pousadas,e_self_ref_ok,
canalizador-povoa-d-el-rei.html,https://canalizador-urgente.pt/canalizador-povoa-d-el-rei,e_self_ref_ok,
canalizador-povoa-de-agracoes.html,https://canalizador-urgente.pt/canalizador-povoa-de-agracoes,e_self_ref_ok,
canalizador-povoa-de-lila.html,https://canalizador-urgente.pt/canalizador-povoa-de-lila,e_self_ref_ok,
canalizador-povoa-de-penela.html,https://canalizador-urgente.pt/canalizador-povoa-de-penela,e_self_ref_ok,
canalizador-povoa-do-concelho.html,https://canalizador-urgente.pt/canalizador-povoa-do-concelho,e_self_ref_ok,
canalizador-presandaes.html,https://canalizador-urgente.pt/canalizador-presandaes,e_self_ref_ok,
canalizador-pressao-agua-alfandega-da-fe.html,https://canalizador-urgente.pt/canalizador-pressao-agua-alfandega-da-fe,e_self_ref_ok,
canalizador-pressao-agua-alijo.html,https://canalizador-urgente.pt/canalizador-urgente-alijo,a_hub_same_concelho,cible = hub urgence concelho officiel
canalizador-pressao-agua-almendra.html,https://canalizador-urgente.pt/canalizador-pressao-agua-almendra,e_self_ref_ok,
canalizador-pressao-agua-amarante.html,https://canalizador-urgente.pt/canalizador-pressao-agua-amarante,e_self_ref_ok,
canalizador-pressao-agua-argozelo.html,https://canalizador-urgente.pt/canalizador-pressao-agua-argozelo,e_self_ref_ok,
canalizador-pressao-agua-armamar.html,https://canalizador-urgente.pt/canalizador-pressao-agua-armamar,e_self_ref_ok,
canalizador-pressao-agua-boticas.html,https://canalizador-urgente.pt/canalizador-pressao-agua-boticas,e_self_ref_ok,
canalizador-pressao-agua-braganca.html,https://canalizador-urgente.pt/canalizador-pressao-agua-braganca,e_self_ref_ok,
canalizador-pressao-agua-britiande.html,https://canalizador-urgente.pt/canalizador-pressao-agua-britiande,e_self_ref_ok,
canalizador-pressao-agua-cambres.html,https://canalizador-urgente.pt/canalizador-pressao-agua-cambres,e_self_ref_ok,
canalizador-pressao-agua-carrazeda-de-ansiaes.html,https://canalizador-urgente.pt/canalizador-pressao-agua-carrazeda-de-ansiaes,e_self_ref_ok,
canalizador-pressao-agua-carrazedo-de-montenegro.html,https://canalizador-urgente.pt/canalizador-pressao-agua-carrazedo-de-montenegro,e_self_ref_ok,
canalizador-pressao-agua-cedovim.html,https://canalizador-urgente.pt/canalizador-pressao-agua-cedovim,e_self_ref_ok,
canalizador-pressao-agua-cerva.html,https://canalizador-urgente.pt/canalizador-pressao-agua-cerva,e_self_ref_ok,
canalizador-pressao-agua-chaves.html,https://canalizador-urgente.pt/canalizador-pressao-agua-chaves,e_self_ref_ok,
canalizador-pressao-agua-cumieira.html,https://canalizador-urgente.pt/canalizador-pressao-agua-cumieira,e_self_ref_ok,
canalizador-pressao-agua-ervedosa-do-douro.html,https://canalizador-urgente.pt/canalizador-pressao-agua-ervedosa-do-douro,e_self_ref_ok,
canalizador-pressao-agua-favaios.html,https://canalizador-urgente.pt/canalizador-pressao-agua-favaios,e_self_ref_ok,
canalizador-pressao-agua-figueira-de-castelo-rodrigo.html,https://canalizador-urgente.pt/canalizador-pressao-agua-figueira-de-castelo-rodrigo,e_self_ref_ok,
canalizador-pressao-agua-freixo-de-espada-a-cinta.html,https://canalizador-urgente.pt/canalizador-pressao-agua-freixo-de-espada-a-cinta,e_self_ref_ok,
canalizador-pressao-agua-freixo-de-numao.html,https://canalizador-urgente.pt/canalizador-pressao-agua-freixo-de-numao,e_self_ref_ok,
canalizador-pressao-agua-izeda.html,https://canalizador-urgente.pt/canalizador-pressao-agua-izeda,e_self_ref_ok,
canalizador-pressao-agua-lalim.html,https://canalizador-urgente.pt/canalizador-pressao-agua-lalim,e_self_ref_ok,
canalizador-pressao-agua-lamego.html,https://canalizador-urgente.pt/canalizador-urgente-lamego,a_hub_same_concelho,cible = hub urgence concelho officiel
canalizador-pressao-agua-lazarim.html,https://canalizador-urgente.pt/canalizador-pressao-agua-lazarim,e_self_ref_ok,
canalizador-pressao-agua-lixa.html,https://canalizador-urgente.pt/canalizador-pressao-agua-lixa,e_self_ref_ok,
canalizador-pressao-agua-lordelo.html,https://canalizador-urgente.pt/canalizador-pressao-agua-lordelo,e_self_ref_ok,
canalizador-pressao-agua-macedo-de-cavaleiros.html,https://canalizador-urgente.pt/canalizador-pressao-agua-macedo-de-cavaleiros,e_self_ref_ok,
canalizador-pressao-agua-marco-de-canaveses.html,https://canalizador-urgente.pt/canalizador-pressao-agua-marco-de-canaveses,e_self_ref_ok,
canalizador-pressao-agua-marialva.html,https://canalizador-urgente.pt/canalizador-pressao-agua-marialva,e_self_ref_ok,
canalizador-pressao-agua-mesao-frio.html,https://canalizador-urgente.pt/canalizador-pressao-agua-mesao-frio,e_self_ref_ok,
canalizador-pressao-agua-miranda-do-douro.html,https://canalizador-urgente.pt/canalizador-urgente-miranda-do-douro,a_hub_same_concelho,cible = hub urgence concelho officiel
canalizador-pressao-agua-mirandela.html,https://canalizador-urgente.pt/canalizador-pressao-agua-mirandela,e_self_ref_ok,
canalizador-pressao-agua-mogadouro.html,https://canalizador-urgente.pt/canalizador-urgente-mogadouro,a_hub_same_concelho,cible = hub urgence concelho officiel
canalizador-pressao-agua-mondim-da-beira.html,https://canalizador-urgente.pt/canalizador-pressao-agua-mondim-da-beira,e_self_ref_ok,
canalizador-pressao-agua-mondim-de-basto.html,https://canalizador-urgente.pt/canalizador-pressao-agua-mondim-de-basto,e_self_ref_ok,
canalizador-pressao-agua-montalegre.html,https://canalizador-urgente.pt/canalizador-pressao-agua-montalegre,e_self_ref_ok,
canalizador-pressao-agua-moucos.html,https://canalizador-urgente.pt/canalizador-pressao-agua-moucos,e_self_ref_ok,
canalizador-pressao-agua-murca.html,https://canalizador-urgente.pt/canalizador-pressao-agua-murca,e_self_ref_ok,
canalizador-pressao-agua-pedras-salgadas.html,https://canalizador-urgente.pt/canalizador-pressao-agua-pedras-salgadas,e_self_ref_ok,
canalizador-pressao-agua-penedono.html,https://canalizador-urgente.pt/canalizador-pressao-agua-penedono,e_self_ref_ok,
canalizador-pressao-agua-peso-da-regua.html,https://canalizador-urgente.pt/canalizador-urgente-peso-da-regua,a_hub_same_concelho,cible = hub urgence concelho officiel
canalizador-pressao-agua-pinhao.html,https://canalizador-urgente.pt/canalizador-pressao-agua-pinhao,e_self_ref_ok,
canalizador-pressao-agua-resende.html,https://canalizador-urgente.pt/canalizador-pressao-agua-resende,e_self_ref_ok,
canalizador-pressao-agua-ribeira-de-pena.html,https://canalizador-urgente.pt/canalizador-pressao-agua-ribeira-de-pena,e_self_ref_ok,
canalizador-pressao-agua-sabrosa.html,https://canalizador-urgente.pt/canalizador-pressao-agua-sabrosa,e_self_ref_ok,
canalizador-pressao-agua-salzedas.html,https://canalizador-urgente.pt/canalizador-pressao-agua-salzedas,e_self_ref_ok,
canalizador-pressao-agua-sanfins-do-douro.html,https://canalizador-urgente.pt/canalizador-pressao-agua-sanfins-do-douro,e_self_ref_ok,
canalizador-pressao-agua-santa-marinha-do-zezere.html,https://canalizador-urgente.pt/canalizador-pressao-agua-santa-marinha-do-zezere,e_self_ref_ok,
canalizador-pressao-agua-santa-marta-de-penaguiao.html,https://canalizador-urgente.pt/canalizador-pressao-agua-santa-marta-de-penaguiao,e_self_ref_ok,
canalizador-pressao-agua-santo-estevao.html,https://canalizador-urgente.pt/canalizador-pressao-agua-santo-estevao,e_self_ref_ok,
canalizador-pressao-agua-sao-cosmado.html,https://canalizador-urgente.pt/canalizador-pressao-agua-sao-cosmado,e_self_ref_ok,
canalizador-pressao-agua-sao-joao-da-pesqueira.html,https://canalizador-urgente.pt/canalizador-pressao-agua-sao-joao-da-pesqueira,e_self_ref_ok,
canalizador-pressao-agua-sao-joao-de-tarouca.html,https://canalizador-urgente.pt/canalizador-pressao-agua-sao-joao-de-tarouca,e_self_ref_ok,
canalizador-pressao-agua-sao-martinho-de-anta.html,https://canalizador-urgente.pt/canalizador-pressao-agua-sao-martinho-de-anta,e_self_ref_ok,
canalizador-pressao-agua-sao-martinho-de-mouros.html,https://canalizador-urgente.pt/canalizador-pressao-agua-sao-martinho-de-mouros,e_self_ref_ok,
canalizador-pressao-agua-sendim.html,https://canalizador-urgente.pt/canalizador-pressao-agua-sendim,e_self_ref_ok,
canalizador-pressao-agua-sernancelhe.html,https://canalizador-urgente.pt/canalizador-pressao-agua-sernancelhe,e_self_ref_ok,
canalizador-pressao-agua-tabuaco.html,https://canalizador-urgente.pt/canalizador-pressao-agua-tabuaco,e_self_ref_ok,
canalizador-pressao-agua-tarouca.html,https://canalizador-urgente.pt/canalizador-pressao-agua-tarouca,e_self_ref_ok,
canalizador-pressao-agua-torre-de-dona-chama.html,https://canalizador-urgente.pt/canalizador-pressao-agua-torre-de-dona-chama,e_self_ref_ok,
canalizador-pressao-agua-torre-de-moncorvo.html,https://canalizador-urgente.pt/canalizador-pressao-agua-torre-de-moncorvo,e_self_ref_ok,
canalizador-pressao-agua-trevoes.html,https://canalizador-urgente.pt/canalizador-pressao-agua-trevoes,e_self_ref_ok,
canalizador-pressao-agua-valdigem.html,https://canalizador-urgente.pt/canalizador-pressao-agua-valdigem,e_self_ref_ok,
canalizador-pressao-agua-valpacos.html,https://canalizador-urgente.pt/canalizador-urgente-valpacos,a_hub_same_concelho,cible = hub urgence concelho officiel
canalizador-pressao-agua-vern.html,https://canalizador-urgente.pt/canalizador-pressao-agua-vern,e_self_ref_ok,
canalizador-pressao-agua-vidago.html,https://canalizador-urgente.pt/canalizador-pressao-agua-vidago,e_self_ref_ok,
canalizador-pressao-agua-vila-flor.html,https://canalizador-urgente.pt/canalizador-pressao-agua-vila-flor,e_self_ref_ok,
canalizador-pressao-agua-vila-franca-das-naves.html,https://canalizador-urgente.pt/canalizador-pressao-agua-vila-franca-das-naves,e_self_ref_ok,
canalizador-pressao-agua-vila-nova-de-foz-coa.html,https://canalizador-urgente.pt/canalizador-pressao-agua-vila-nova-de-foz-coa,e_self_ref_ok,
canalizador-pressao-agua-vila-pouca-de-aguiar.html,https://canalizador-urgente.pt/canalizador-pressao-agua-vila-pouca-de-aguiar,e_self_ref_ok,
canalizador-pressao-agua-vila-real.html,https://canalizador-urgente.pt/canalizador-pressao-agua-vila-real,e_self_ref_ok,
canalizador-pressao-agua-vilar-de-macada.html,https://canalizador-urgente.pt/canalizador-pressao-agua-vilar-de-macada,e_self_ref_ok,
canalizador-pressao-agua-vilarandelo.html,https://canalizador-urgente.pt/canalizador-pressao-agua-vilarandelo,e_self_ref_ok,
canalizador-pressao-agua-vimioso.html,https://canalizador-urgente.pt/canalizador-pressao-agua-vimioso,e_self_ref_ok,
canalizador-pressao-agua-vinhais.html,https://canalizador-urgente.pt/canalizador-urgente-vinhais,a_hub_same_concelho,cible = hub urgence concelho officiel
canalizador-pressao-agua-xinzo-de-limia.html,https://canalizador-urgente.pt/canalizador-pressao-agua-xinzo-de-limia,e_self_ref_ok,
canalizador-pretarouca.html,https://canalizador-urgente.pt/canalizador-pretarouca,e_self_ref_ok,
canalizador-prova.html,https://canalizador-urgente.pt/canalizador-prova,e_self_ref_ok,
canalizador-provesende.html,https://canalizador-urgente.pt/canalizador-provesende,e_self_ref_ok,
canalizador-pruoba.html,https://canalizador-urgente.pt/canalizador-pruoba,e_self_ref_ok,
canalizador-queimadela.html,https://canalizador-urgente.pt/canalizador-queimadela,e_self_ref_ok,
canalizador-queiriz.html,https://canalizador-urgente.pt/canalizador-queiriz,e_self_ref_ok,
canalizador-quinta-da-roca.html,https://canalizador-urgente.pt/canalizador-quinta-da-roca,e_self_ref_ok,
canalizador-quinta-de-montezinho.html,https://canalizador-urgente.pt/canalizador-quinta-de-montezinho,e_self_ref_ok,
canalizador-quinta-de-pero-martins.html,https://canalizador-urgente.pt/canalizador-quinta-de-pero-martins,e_self_ref_ok,
canalizador-quinta-de-santa-maria.html,https://canalizador-urgente.pt/canalizador-quinta-de-santa-maria,e_self_ref_ok,
canalizador-quinta-de-sao-pedro.html,https://canalizador-urgente.pt/canalizador-quinta-de-sao-pedro,e_self_ref_ok,
canalizador-quinta-do-cerro.html,https://canalizador-urgente.pt/canalizador-quinta-do-cerro,e_self_ref_ok,
canalizador-quinta-do-salgueiro.html,https://canalizador-urgente.pt/canalizador-quinta-do-salgueiro,e_self_ref_ok,
canalizador-quinta-do-souto.html,https://canalizador-urgente.pt/canalizador-quinta-do-souto,e_self_ref_ok,
canalizador-quinta-dos-cavages.html,https://canalizador-urgente.pt/canalizador-quinta-dos-cavages,e_self_ref_ok,
canalizador-quintanilha.html,https://canalizador-urgente.pt/canalizador-quintanilha,e_self_ref_ok,
canalizador-quintas.html,https://canalizador-urgente.pt/canalizador-quintas,e_self_ref_ok,
canalizador-quintela-de-lampacas.html,https://canalizador-urgente.pt/canalizador-quintela-de-lampacas,e_self_ref_ok,
canalizador-quiras.html,https://canalizador-urgente.pt/canalizador-quiras,e_self_ref_ok,
canalizador-rabacal.html,https://canalizador-urgente.pt/canalizador-rabacal,e_self_ref_ok,
canalizador-rabal.html,https://canalizador-urgente.pt/canalizador-rabal,e_self_ref_ok,
canalizador-randn.html,https://canalizador-urgente.pt/canalizador-randn,e_self_ref_ok,
canalizador-ranhados.html,https://canalizador-urgente.pt/canalizador-ranhados,e_self_ref_ok,
canalizador-rapa.html,https://canalizador-urgente.pt/canalizador-rapa,e_self_ref_ok,
canalizador-ratoeira.html,https://canalizador-urgente.pt/canalizador-ratoeira,e_self_ref_ok,
canalizador-real-covo.html,https://canalizador-urgente.pt/canalizador-real-covo,e_self_ref_ok,
canalizador-rebordainhos.html,https://canalizador-urgente.pt/canalizador-rebordainhos,e_self_ref_ok,
canalizador-rebordaos.html,https://canalizador-urgente.pt/canalizador-rebordaos,e_self_ref_ok,
canalizador-rebordelo.html,https://canalizador-urgente.pt/canalizador-rebordelo,e_self_ref_ok,
canalizador-refoios.html,https://canalizador-urgente.pt/canalizador-refoios,e_self_ref_ok,
canalizador-rego-de-vide.html,https://canalizador-urgente.pt/canalizador-rego-de-vide,e_self_ref_ok,
canalizador-reigada.html,https://canalizador-urgente.pt/canalizador-reigada,e_self_ref_ok,
canalizador-remondes.html,https://canalizador-urgente.pt/canalizador-remondes,e_self_ref_ok,
canalizador-requejo-de-sanabria.html,https://canalizador-urgente.pt/canalizador-requejo-de-sanabria,e_self_ref_ok,
canalizador-resende.html,https://canalizador-urgente.pt/canalizador-resende,e_self_ref_ok,
canalizador-ribalonga.html,https://canalizador-urgente.pt/canalizador-ribalonga,e_self_ref_ok,
canalizador-ribeira-de-goujoim.html,https://canalizador-urgente.pt/canalizador-ribeira-de-goujoim,e_self_ref_ok,
canalizador-ribeira-de-pena.html,https://canalizador-urgente.pt/canalizador-ribeira-de-pena,e_self_ref_ok,
canalizador-ribeira-do-freixo.html,https://canalizador-urgente.pt/canalizador-ribeira-do-freixo,e_self_ref_ok,
canalizador-ribeirinha.html,https://canalizador-urgente.pt/canalizador-ribeirinha,e_self_ref_ok,
canalizador-rio-de-galinhas.html,https://canalizador-urgente.pt/canalizador-rio-de-galinhas,e_self_ref_ok,
canalizador-rio-de-mel.html,https://canalizador-urgente.pt/canalizador-rio-de-mel,e_self_ref_ok,
canalizador-rio-de-onor.html,https://canalizador-urgente.pt/canalizador-rio-de-onor,e_self_ref_ok,
canalizador-rio-frio.html,https://canalizador-urgente.pt/canalizador-rio-frio,e_self_ref_ok,
canalizador-rio-torto.html,https://canalizador-urgente.pt/canalizador-rio-torto,e_self_ref_ok,
canalizador-riodades.html,https://canalizador-urgente.pt/canalizador-riodades,e_self_ref_ok,
canalizador-riofro-de-aliste.html,https://canalizador-urgente.pt/canalizador-riofro-de-aliste,e_self_ref_ok,
canalizador-rocamondo.html,https://canalizador-urgente.pt/canalizador-rocamondo,e_self_ref_ok,
canalizador-rogodeiro.html,https://canalizador-urgente.pt/canalizador-rogodeiro,e_self_ref_ok,
canalizador-roios.html,https://canalizador-urgente.pt/canalizador-roios,e_self_ref_ok,
canalizador-romariz.html,https://canalizador-urgente.pt/canalizador-romariz,e_self_ref_ok,
canalizador-romeu.html,https://canalizador-urgente.pt/canalizador-romeu,e_self_ref_ok,
canalizador-roriz.html,https://canalizador-urgente.pt/canalizador-roriz,e_self_ref_ok,
canalizador-sabrosa.html,https://canalizador-urgente.pt/canalizador-sabrosa,e_self_ref_ok,
canalizador-sabroso-de-aguiar.html,https://canalizador-urgente.pt/canalizador-sabroso-de-aguiar,e_self_ref_ok,
canalizador-saldanha.html,https://canalizador-urgente.pt/canalizador-saldanha,e_self_ref_ok,
canalizador-saldonha.html,https://canalizador-urgente.pt/canalizador-saldonha,e_self_ref_ok,
canalizador-salgueiro.html,https://canalizador-urgente.pt/canalizador-salgueiro,e_self_ref_ok,
canalizador-salsas.html,https://canalizador-urgente.pt/canalizador-salsas,e_self_ref_ok,
canalizador-salselas.html,https://canalizador-urgente.pt/canalizador-salselas,e_self_ref_ok,
canalizador-salvador-do-monte.html,https://canalizador-urgente.pt/canalizador-salvador-do-monte,e_self_ref_ok,
canalizador-salzedas.html,https://canalizador-urgente.pt/canalizador-salzedas,e_self_ref_ok,
canalizador-samaioes.html,https://canalizador-urgente.pt/canalizador-samaioes,e_self_ref_ok,
canalizador-sambade.html,https://canalizador-urgente.pt/canalizador-sambade,e_self_ref_ok,
canalizador-samil.html,https://canalizador-urgente.pt/canalizador-samil,e_self_ref_ok,
canalizador-samir-de-los-canos.html,https://canalizador-urgente.pt/canalizador-samir-de-los-caos,c_money_other_concelho,cible=autre slug canalizador- non-officiel
canalizador-samodaes.html,https://canalizador-urgente.pt/canalizador-samodaes,e_self_ref_ok,
canalizador-samoes.html,https://canalizador-urgente.pt/canalizador-samoes,e_self_ref_ok,
canalizador-sampaio.html,https://canalizador-urgente.pt/canalizador-sampaio,e_self_ref_ok,
canalizador-san-pedro-de-la-silba.html,https://canalizador-urgente.pt/canalizador-san-pedro-de-la-silba,e_self_ref_ok,
canalizador-sanceriz.html,https://canalizador-urgente.pt/canalizador-sanceriz,e_self_ref_ok,
canalizador-sanche.html,https://canalizador-urgente.pt/canalizador-sanche,e_self_ref_ok,
canalizador-sande.html,https://canalizador-urgente.pt/canalizador-sande,e_self_ref_ok,
canalizador-sanfins-do-douro.html,https://canalizador-urgente.pt/canalizador-sanfins-do-douro,e_self_ref_ok,
canalizador-sanfins.html,https://canalizador-urgente.pt/canalizador-sanfins,e_self_ref_ok,
canalizador-sanhoane.html,https://canalizador-urgente.pt/canalizador-sanhoane,e_self_ref_ok,
canalizador-sanjurge.html,https://canalizador-urgente.pt/canalizador-sanjurge,e_self_ref_ok,
canalizador-santa-comba-de-rossas.html,https://canalizador-urgente.pt/canalizador-santa-comba-de-rossas,e_self_ref_ok,
canalizador-santa-comba-de-vilarica.html,https://canalizador-urgente.pt/canalizador-santa-comba-de-vilarica,e_self_ref_ok,
canalizador-santa-combinha.html,https://canalizador-urgente.pt/canalizador-santa-combinha,e_self_ref_ok,
canalizador-santa-cruz-do-douro.html,https://canalizador-urgente.pt/canalizador-santa-cruz-do-douro,e_self_ref_ok,
canalizador-santa-cruz.html,https://canalizador-urgente.pt/canalizador-santa-cruz,e_self_ref_ok,
canalizador-santa-eugenia.html,https://canalizador-urgente.pt/canalizador-santa-eugenia,e_self_ref_ok,
canalizador-santa-justa.html,https://canalizador-urgente.pt/canalizador-santa-justa,e_self_ref_ok,
canalizador-santa-leocadia.html,https://canalizador-urgente.pt/canalizador-santa-leocadia,e_self_ref_ok,
canalizador-santa-maria-de-emeres.html,https://canalizador-urgente.pt/canalizador-santa-maria-de-emeres,e_self_ref_ok,
canalizador-santa-marinha-do-zezere.html,https://canalizador-urgente.pt/canalizador-santa-marinha-do-zezere,e_self_ref_ok,
canalizador-santa-marta-da-montanha.html,https://canalizador-urgente.pt/canalizador-santa-marta-da-montanha,e_self_ref_ok,
canalizador-santa-marta-de-penaguiao.html,https://canalizador-urgente.pt/canalizador-santa-marta-de-penaguiao,e_self_ref_ok,
canalizador-santa-valha.html,https://canalizador-urgente.pt/canalizador-santa-valha,e_self_ref_ok,
canalizador-santalha.html,https://canalizador-urgente.pt/canalizador-santalha,e_self_ref_ok,
canalizador-santiago-da-ribeira-de-alhariz.html,https://canalizador-urgente.pt/canalizador-santiago-da-ribeira-de-alhariz,e_self_ref_ok,
canalizador-santo-adriao.html,https://canalizador-urgente.pt/canalizador-santo-adriao,e_self_ref_ok,
canalizador-santo-aleixo-de-alem-tamega.html,https://canalizador-urgente.pt/canalizador-santo-aleixo-de-alem-tamega,e_self_ref_ok,
canalizador-santo-andre.html,https://canalizador-urgente.pt/canalizador-santo-andre,e_self_ref_ok,
canalizador-santo-antonio-de-monforte.html,https://canalizador-urgente.pt/canalizador-santo-antonio-de-monforte,e_self_ref_ok,
canalizador-santo-estevao.html,https://canalizador-urgente.pt/canalizador-santo-estevao,e_self_ref_ok,
canalizador-santo-isidoro.html,https://canalizador-urgente.pt/canalizador-santo-isidoro,e_self_ref_ok,
canalizador-santulhao.html,https://canalizador-urgente.pt/canalizador-santulhao,e_self_ref_ok,
canalizador-sao-cibrao.html,https://canalizador-urgente.pt/canalizador-sao-cibrao,e_self_ref_ok,
canalizador-sao-cosmado.html,https://canalizador-urgente.pt/canalizador-sao-cosmado,e_self_ref_ok,
canalizador-sao-cristovao-do-douro.html,https://canalizador-urgente.pt/canalizador-sao-cristovao-do-douro,e_self_ref_ok,
canalizador-sao-joao-da-corveira.html,https://canalizador-urgente.pt/canalizador-sao-joao-da-corveira,e_self_ref_ok,
canalizador-sao-joao-da-pesqueira.html,https://canalizador-urgente.pt/canalizador-sao-joao-da-pesqueira,e_self_ref_ok,
canalizador-sao-joao-de-fontoura.html,https://canalizador-urgente.pt/canalizador-sao-joao-de-fontoura,e_self_ref_ok,
canalizador-sao-joao-de-lobrigos.html,https://canalizador-urgente.pt/canalizador-sao-joao-de-lobrigos,e_self_ref_ok,
canalizador-sao-joao-de-tarouca.html,https://canalizador-urgente.pt/canalizador-sao-joao-de-tarouca,e_self_ref_ok,
canalizador-sao-jomil.html,https://canalizador-urgente.pt/canalizador-sao-jomil,e_self_ref_ok,
canalizador-sao-juliao-de-montenegro.html,https://canalizador-urgente.pt/canalizador-sao-juliao-de-montenegro,e_self_ref_ok,
canalizador-sao-juliao-de-palacios.html,https://canalizador-urgente.pt/canalizador-sao-juliao-de-palacios,e_self_ref_ok,
canalizador-sao-lourenco-de-ribapinhao.html,https://canalizador-urgente.pt/canalizador-sao-lourenco-de-ribapinhao,e_self_ref_ok,
canalizador-sao-mamede-de-ribatua.html,https://canalizador-urgente.pt/canalizador-sao-mamede-de-ribatua,e_self_ref_ok,
canalizador-sao-martinho-das-chas.html,https://canalizador-urgente.pt/canalizador-sao-martinho-das-chas,e_self_ref_ok,
canalizador-sao-martinho-de-angueira.html,https://canalizador-urgente.pt/canalizador-sao-martinho-de-angueira,e_self_ref_ok,
canalizador-sao-martinho-de-anta.html,https://canalizador-urgente.pt/canalizador-sao-martinho-de-anta,e_self_ref_ok,
canalizador-sao-martinho-de-mouros.html,https://canalizador-urgente.pt/canalizador-sao-martinho-de-mouros,e_self_ref_ok,
canalizador-sao-martinho-do-peso.html,https://canalizador-urgente.pt/canalizador-sao-martinho-do-peso,e_self_ref_ok,
canalizador-sao-miguel-de-lobrigos.html,https://canalizador-urgente.pt/canalizador-sao-miguel-de-lobrigos,e_self_ref_ok,
canalizador-sao-nicolau.html,https://canalizador-urgente.pt/canalizador-sao-nicolau,e_self_ref_ok,
canalizador-sao-pedro-de-agostem.html,https://canalizador-urgente.pt/canalizador-sao-pedro-de-agostem,e_self_ref_ok,
canalizador-sao-pedro-de-sarracenos.html,https://canalizador-urgente.pt/canalizador-sao-pedro-de-sarracenos,e_self_ref_ok,
canalizador-sao-pedro-de-vale-do-conde.html,https://canalizador-urgente.pt/canalizador-sao-pedro-de-vale-do-conde,e_self_ref_ok,
canalizador-sao-pedro-de-veiga-de-lila.html,https://canalizador-urgente.pt/canalizador-sao-pedro-de-veiga-de-lila,e_self_ref_ok,
canalizador-sao-pedro-velho.html,https://canalizador-urgente.pt/canalizador-sao-pedro-velho,e_self_ref_ok,
canalizador-sao-romao-de-aregos.html,https://canalizador-urgente.pt/canalizador-sao-romao-de-aregos,e_self_ref_ok,
canalizador-sao-romao.html,https://canalizador-urgente.pt/canalizador-sao-romao,e_self_ref_ok,
canalizador-sao-salvador.html,https://canalizador-urgente.pt/canalizador-sao-salvador,e_self_ref_ok,
canalizador-sao-tome-de-covelas.html,https://canalizador-urgente.pt/canalizador-sao-tome-de-covelas,e_self_ref_ok,
canalizador-sao-tome-do-castelo.html,https://canalizador-urgente.pt/canalizador-sao-tome-do-castelo,e_self_ref_ok,
canalizador-sao-vicente.html,https://canalizador-urgente.pt/canalizador-sao-vicente,e_self_ref_ok,
canalizador-sapiaos.html,https://canalizador-urgente.pt/canalizador-sapiaos,e_self_ref_ok,
canalizador-sardao.html,https://canalizador-urgente.pt/canalizador-sardao,e_self_ref_ok,
canalizador-sarraquinhos.html,https://canalizador-urgente.pt/canalizador-sarraquinhos,e_self_ref_ok,
canalizador-sarzeda.html,https://canalizador-urgente.pt/canalizador-sarzeda,e_self_ref_ok,
canalizador-sarzedinho.html,https://canalizador-urgente.pt/canalizador-sarzedinho,e_self_ref_ok,
canalizador-sarzedo.html,https://canalizador-urgente.pt/canalizador-sarzedo,e_self_ref_ok,
canalizador-seara-velha.html,https://canalizador-urgente.pt/canalizador-seara-velha,e_self_ref_ok,
canalizador-sebadelhe-de-serra.html,https://canalizador-urgente.pt/canalizador-sebadelhe-de-serra,e_self_ref_ok,
canalizador-sebadelhe.html,https://canalizador-urgente.pt/canalizador-sebadelhe,e_self_ref_ok,
canalizador-sedielos.html,https://canalizador-urgente.pt/canalizador-sedielos,e_self_ref_ok,
canalizador-seixal.html,https://canalizador-urgente.pt/canalizador-seixal,e_self_ref_ok,
canalizador-seixo-de-anasiaes.html,https://canalizador-urgente.pt/canalizador-seixo-de-anasiaes,e_self_ref_ok,
canalizador-seixo-de-ansiaes.html,https://canalizador-urgente.pt/canalizador-seixo-de-ansiaes,e_self_ref_ok,
canalizador-seixo-de-manhoses.html,https://canalizador-urgente.pt/canalizador-seixo-de-manhoses,e_self_ref_ok,
canalizador-selhariz.html,https://canalizador-urgente.pt/canalizador-selhariz,e_self_ref_ok,
canalizador-selores.html,https://canalizador-urgente.pt/canalizador-selores,e_self_ref_ok,
canalizador-sendas.html,https://canalizador-urgente.pt/canalizador-sendas,e_self_ref_ok,
canalizador-sendim-da-ribeira.html,https://canalizador-urgente.pt/canalizador-sendim-da-ribeira,e_self_ref_ok,
canalizador-sendim-da-serra.html,https://canalizador-urgente.pt/canalizador-sendim-da-serra,e_self_ref_ok,
canalizador-sendim.html,https://canalizador-urgente.pt/canalizador-sendim,e_self_ref_ok,
canalizador-senhora-da-penha-de-franca.html,https://canalizador-urgente.pt/canalizador-senhora-da-penha-de-franca,e_self_ref_ok,
canalizador-serapicos.html,https://canalizador-urgente.pt/canalizador-serapicos,e_self_ref_ok,
canalizador-sernancelhe.html,https://canalizador-urgente.pt/canalizador-sernancelhe,e_self_ref_ok,
canalizador-sezelhe.html,https://canalizador-urgente.pt/canalizador-sezelhe,e_self_ref_ok,
canalizador-sezulfe.html,https://canalizador-urgente.pt/canalizador-sezulfe,e_self_ref_ok,
canalizador-sobral-da-serra.html,https://canalizador-urgente.pt/canalizador-sobral-da-serra,e_self_ref_ok,
canalizador-sobral-pichorro.html,https://canalizador-urgente.pt/canalizador-sobral-pichorro,e_self_ref_ok,
canalizador-sobreda.html,https://canalizador-urgente.pt/canalizador-sobreda,e_self_ref_ok,
canalizador-sobreira.html,https://canalizador-urgente.pt/canalizador-sobreira,e_self_ref_ok,
canalizador-sobreiro-de-baixo.html,https://canalizador-urgente.pt/canalizador-sobreiro-de-baixo,e_self_ref_ok,
canalizador-soeima.html,https://canalizador-urgente.pt/canalizador-soeima,e_self_ref_ok,
canalizador-soeira.html,https://canalizador-urgente.pt/canalizador-soeira,e_self_ref_ok,
canalizador-solveira.html,https://canalizador-urgente.pt/canalizador-solveira,e_self_ref_ok,
canalizador-sonim.html,https://canalizador-urgente.pt/canalizador-sonim,e_self_ref_ok,
canalizador-sortes.html,https://canalizador-urgente.pt/canalizador-sortes,e_self_ref_ok,
canalizador-sorval.html,https://canalizador-urgente.pt/canalizador-sorval,e_self_ref_ok,
canalizador-souro-pires.html,https://canalizador-urgente.pt/canalizador-souro-pires,e_self_ref_ok,
canalizador-soutelinho-da-raia.html,https://canalizador-urgente.pt/canalizador-soutelinho-da-raia,e_self_ref_ok,
canalizador-soutelo-de-aguiar.html,https://canalizador-urgente.pt/canalizador-soutelo-de-aguiar,e_self_ref_ok,
canalizador-soutelo-do-douro.html,https://canalizador-urgente.pt/canalizador-soutelo-do-douro,e_self_ref_ok,
canalizador-soutelo-mourisco.html,https://canalizador-urgente.pt/canalizador-soutelo-mourisco,e_self_ref_ok,
canalizador-soutelo.html,https://canalizador-urgente.pt/canalizador-soutelo,e_self_ref_ok,
canalizador-soutilha.html,https://canalizador-urgente.pt/canalizador-soutilha,e_self_ref_ok,
canalizador-souto-da-velha.html,https://canalizador-urgente.pt/canalizador-souto-da-velha,e_self_ref_ok,
canalizador-souto-maior.html,https://canalizador-urgente.pt/canalizador-souto-maior,e_self_ref_ok,
canalizador-sucaes.html,https://canalizador-urgente.pt/canalizador-sucaes,e_self_ref_ok,
canalizador-tabuaco.html,https://canalizador-urgente.pt/canalizador-tabuaco,e_self_ref_ok,
canalizador-tabuado.html,https://canalizador-urgente.pt/canalizador-tabuado,e_self_ref_ok,
canalizador-talhas.html,https://canalizador-urgente.pt/canalizador-talhas,e_self_ref_ok,
canalizador-talhinhas.html,https://canalizador-urgente.pt/canalizador-talhinhas,e_self_ref_ok,
canalizador-tamanhos.html,https://canalizador-urgente.pt/canalizador-tamanhos,e_self_ref_ok,
canalizador-tarouca.html,https://canalizador-urgente.pt/canalizador-tarouca,e_self_ref_ok,
canalizador-tavora.html,https://canalizador-urgente.pt/canalizador-tavora,e_self_ref_ok,
canalizador-tazem.html,https://canalizador-urgente.pt/canalizador-tazem,e_self_ref_ok,
canalizador-teixeiro.html,https://canalizador-urgente.pt/canalizador-teixeiro,e_self_ref_ok,
canalizador-teloes.html,https://canalizador-urgente.pt/canalizador-teloes,e_self_ref_ok,
canalizador-terrenho.html,https://canalizador-urgente.pt/canalizador-terrenho,e_self_ref_ok,
canalizador-tinhela.html,https://canalizador-urgente.pt/canalizador-tinhela,e_self_ref_ok,
canalizador-to.html,https://canalizador-urgente.pt/canalizador-to,e_self_ref_ok,
canalizador-torneira-alfandega-da-fe.html,https://canalizador-urgente.pt/canalizador-torneira-alfandega-da-fe,e_self_ref_ok,
canalizador-torneira-alijo.html,https://canalizador-urgente.pt/canalizador-urgente-alijo,a_hub_same_concelho,cible = hub urgence concelho officiel
canalizador-torneira-almendra.html,https://canalizador-urgente.pt/canalizador-torneira-almendra,e_self_ref_ok,
canalizador-torneira-amarante.html,https://canalizador-urgente.pt/canalizador-torneira-amarante,e_self_ref_ok,
canalizador-torneira-argozelo.html,https://canalizador-urgente.pt/canalizador-torneira-argozelo,e_self_ref_ok,
canalizador-torneira-armamar.html,https://canalizador-urgente.pt/canalizador-torneira-armamar,e_self_ref_ok,
canalizador-torneira-boticas.html,https://canalizador-urgente.pt/canalizador-torneira-boticas,e_self_ref_ok,
canalizador-torneira-braganca.html,https://canalizador-urgente.pt/canalizador-torneira-braganca,e_self_ref_ok,
canalizador-torneira-britiande.html,https://canalizador-urgente.pt/canalizador-torneira-britiande,e_self_ref_ok,
canalizador-torneira-cambres.html,https://canalizador-urgente.pt/canalizador-torneira-cambres,e_self_ref_ok,
canalizador-torneira-carrazeda-de-ansiaes.html,https://canalizador-urgente.pt/canalizador-torneira-carrazeda-de-ansiaes,e_self_ref_ok,
canalizador-torneira-carrazedo-de-montenegro.html,https://canalizador-urgente.pt/canalizador-torneira-carrazedo-de-montenegro,e_self_ref_ok,
canalizador-torneira-cedovim.html,https://canalizador-urgente.pt/canalizador-torneira-cedovim,e_self_ref_ok,
canalizador-torneira-cerva.html,https://canalizador-urgente.pt/canalizador-torneira-cerva,e_self_ref_ok,
canalizador-torneira-chaves.html,https://canalizador-urgente.pt/canalizador-torneira-chaves,e_self_ref_ok,
canalizador-torneira-cumieira.html,https://canalizador-urgente.pt/canalizador-torneira-cumieira,e_self_ref_ok,
canalizador-torneira-ervedosa-do-douro.html,https://canalizador-urgente.pt/canalizador-torneira-ervedosa-do-douro,e_self_ref_ok,
canalizador-torneira-favaios.html,https://canalizador-urgente.pt/canalizador-torneira-favaios,e_self_ref_ok,
canalizador-torneira-figueira-de-castelo-rodrigo.html,https://canalizador-urgente.pt/canalizador-torneira-figueira-de-castelo-rodrigo,e_self_ref_ok,
canalizador-torneira-freixo-de-espada-a-cinta.html,https://canalizador-urgente.pt/canalizador-torneira-freixo-de-espada-a-cinta,e_self_ref_ok,
canalizador-torneira-freixo-de-numao.html,https://canalizador-urgente.pt/canalizador-torneira-freixo-de-numao,e_self_ref_ok,
canalizador-torneira-izeda.html,https://canalizador-urgente.pt/canalizador-torneira-izeda,e_self_ref_ok,
canalizador-torneira-lalim.html,https://canalizador-urgente.pt/canalizador-torneira-lalim,e_self_ref_ok,
canalizador-torneira-lamego.html,https://canalizador-urgente.pt/canalizador-urgente-lamego,a_hub_same_concelho,cible = hub urgence concelho officiel
canalizador-torneira-lazarim.html,https://canalizador-urgente.pt/canalizador-torneira-lazarim,e_self_ref_ok,
canalizador-torneira-lixa.html,https://canalizador-urgente.pt/canalizador-torneira-lixa,e_self_ref_ok,
canalizador-torneira-lordelo.html,https://canalizador-urgente.pt/canalizador-torneira-lordelo,e_self_ref_ok,
canalizador-torneira-macedo-de-cavaleiros.html,https://canalizador-urgente.pt/canalizador-torneira-macedo-de-cavaleiros,e_self_ref_ok,
canalizador-torneira-marco-de-canaveses.html,https://canalizador-urgente.pt/canalizador-torneira-marco-de-canaveses,e_self_ref_ok,
canalizador-torneira-marialva.html,https://canalizador-urgente.pt/canalizador-torneira-marialva,e_self_ref_ok,
canalizador-torneira-mesao-frio.html,https://canalizador-urgente.pt/canalizador-torneira-mesao-frio,e_self_ref_ok,
canalizador-torneira-miranda-do-douro.html,https://canalizador-urgente.pt/canalizador-urgente-miranda-do-douro,a_hub_same_concelho,cible = hub urgence concelho officiel
canalizador-torneira-mirandela.html,https://canalizador-urgente.pt/canalizador-torneira-mirandela,e_self_ref_ok,
canalizador-torneira-mogadouro.html,https://canalizador-urgente.pt/canalizador-urgente-mogadouro,a_hub_same_concelho,cible = hub urgence concelho officiel
canalizador-torneira-mondim-da-beira.html,https://canalizador-urgente.pt/canalizador-torneira-mondim-da-beira,e_self_ref_ok,
canalizador-torneira-mondim-de-basto.html,https://canalizador-urgente.pt/canalizador-torneira-mondim-de-basto,e_self_ref_ok,
canalizador-torneira-montalegre.html,https://canalizador-urgente.pt/canalizador-torneira-montalegre,e_self_ref_ok,
canalizador-torneira-moucos.html,https://canalizador-urgente.pt/canalizador-torneira-moucos,e_self_ref_ok,
canalizador-torneira-murca.html,https://canalizador-urgente.pt/canalizador-torneira-murca,e_self_ref_ok,
canalizador-torneira-pedras-salgadas.html,https://canalizador-urgente.pt/canalizador-torneira-pedras-salgadas,e_self_ref_ok,
canalizador-torneira-penedono.html,https://canalizador-urgente.pt/canalizador-torneira-penedono,e_self_ref_ok,
canalizador-torneira-peso-da-regua.html,https://canalizador-urgente.pt/canalizador-urgente-peso-da-regua,a_hub_same_concelho,cible = hub urgence concelho officiel
canalizador-torneira-pinhao.html,https://canalizador-urgente.pt/canalizador-torneira-pinhao,e_self_ref_ok,
canalizador-torneira-resende.html,https://canalizador-urgente.pt/canalizador-torneira-resende,e_self_ref_ok,
canalizador-torneira-ribeira-de-pena.html,https://canalizador-urgente.pt/canalizador-torneira-ribeira-de-pena,e_self_ref_ok,
canalizador-torneira-sabrosa.html,https://canalizador-urgente.pt/canalizador-torneira-sabrosa,e_self_ref_ok,
canalizador-torneira-salzedas.html,https://canalizador-urgente.pt/canalizador-torneira-salzedas,e_self_ref_ok,
canalizador-torneira-sanfins-do-douro.html,https://canalizador-urgente.pt/canalizador-torneira-sanfins-do-douro,e_self_ref_ok,
canalizador-torneira-santa-marinha-do-zezere.html,https://canalizador-urgente.pt/canalizador-torneira-santa-marinha-do-zezere,e_self_ref_ok,
canalizador-torneira-santa-marta-de-penaguiao.html,https://canalizador-urgente.pt/canalizador-torneira-santa-marta-de-penaguiao,e_self_ref_ok,
canalizador-torneira-santo-estevao.html,https://canalizador-urgente.pt/canalizador-torneira-santo-estevao,e_self_ref_ok,
canalizador-torneira-sao-cosmado.html,https://canalizador-urgente.pt/canalizador-torneira-sao-cosmado,e_self_ref_ok,
canalizador-torneira-sao-joao-da-pesqueira.html,https://canalizador-urgente.pt/canalizador-torneira-sao-joao-da-pesqueira,e_self_ref_ok,
canalizador-torneira-sao-joao-de-tarouca.html,https://canalizador-urgente.pt/canalizador-torneira-sao-joao-de-tarouca,e_self_ref_ok,
canalizador-torneira-sao-martinho-de-anta.html,https://canalizador-urgente.pt/canalizador-torneira-sao-martinho-de-anta,e_self_ref_ok,
canalizador-torneira-sao-martinho-de-mouros.html,https://canalizador-urgente.pt/canalizador-torneira-sao-martinho-de-mouros,e_self_ref_ok,
canalizador-torneira-sendim.html,https://canalizador-urgente.pt/canalizador-torneira-sendim,e_self_ref_ok,
canalizador-torneira-sernancelhe.html,https://canalizador-urgente.pt/canalizador-torneira-sernancelhe,e_self_ref_ok,
canalizador-torneira-tabuaco.html,https://canalizador-urgente.pt/canalizador-torneira-tabuaco,e_self_ref_ok,
canalizador-torneira-tarouca.html,https://canalizador-urgente.pt/canalizador-torneira-tarouca,e_self_ref_ok,
canalizador-torneira-torre-de-dona-chama.html,https://canalizador-urgente.pt/canalizador-torneira-torre-de-dona-chama,e_self_ref_ok,
canalizador-torneira-torre-de-moncorvo.html,https://canalizador-urgente.pt/canalizador-torneira-torre-de-moncorvo,e_self_ref_ok,
canalizador-torneira-trevoes.html,https://canalizador-urgente.pt/canalizador-torneira-trevoes,e_self_ref_ok,
canalizador-torneira-valdigem.html,https://canalizador-urgente.pt/canalizador-torneira-valdigem,e_self_ref_ok,
canalizador-torneira-valpacos.html,https://canalizador-urgente.pt/canalizador-urgente-valpacos,a_hub_same_concelho,cible = hub urgence concelho officiel
canalizador-torneira-vern.html,https://canalizador-urgente.pt/canalizador-torneira-vern,e_self_ref_ok,
canalizador-torneira-vidago.html,https://canalizador-urgente.pt/canalizador-torneira-vidago,e_self_ref_ok,
canalizador-torneira-vila-flor.html,https://canalizador-urgente.pt/canalizador-torneira-vila-flor,e_self_ref_ok,
canalizador-torneira-vila-franca-das-naves.html,https://canalizador-urgente.pt/canalizador-torneira-vila-franca-das-naves,e_self_ref_ok,
canalizador-torneira-vila-nova-de-foz-coa.html,https://canalizador-urgente.pt/canalizador-torneira-vila-nova-de-foz-coa,e_self_ref_ok,
canalizador-torneira-vila-pouca-de-aguiar.html,https://canalizador-urgente.pt/canalizador-torneira-vila-pouca-de-aguiar,e_self_ref_ok,
canalizador-torneira-vila-real.html,https://canalizador-urgente.pt/canalizador-torneira-vila-real,e_self_ref_ok,
canalizador-torneira-vilar-de-macada.html,https://canalizador-urgente.pt/canalizador-torneira-vilar-de-macada,e_self_ref_ok,
canalizador-torneira-vilarandelo.html,https://canalizador-urgente.pt/canalizador-torneira-vilarandelo,e_self_ref_ok,
canalizador-torneira-vimioso.html,https://canalizador-urgente.pt/canalizador-torneira-vimioso,e_self_ref_ok,
canalizador-torneira-vinhais.html,https://canalizador-urgente.pt/canalizador-urgente-vinhais,a_hub_same_concelho,cible = hub urgence concelho officiel
canalizador-torneira-xinzo-de-limia.html,https://canalizador-urgente.pt/canalizador-torneira-xinzo-de-limia,e_self_ref_ok,
canalizador-torre-de-dona-chama.html,https://canalizador-urgente.pt/canalizador-torre-de-dona-chama,e_self_ref_ok,
canalizador-torre-de-moncorvo.html,https://canalizador-urgente.pt/canalizador-torre-de-moncorvo,e_self_ref_ok,
canalizador-torre-do-pinhao.html,https://canalizador-urgente.pt/canalizador-torre-do-pinhao,e_self_ref_ok,
canalizador-torre-do-terrenho.html,https://canalizador-urgente.pt/canalizador-torre-do-terrenho,e_self_ref_ok,
canalizador-touca.html,https://canalizador-urgente.pt/canalizador-touca,e_self_ref_ok,
canalizador-travanca.html,https://canalizador-urgente.pt/canalizador-travanca,e_self_ref_ok,
canalizador-travancas.html,https://canalizador-urgente.pt/canalizador-travancas,e_self_ref_ok,
canalizador-tresminas.html,https://canalizador-urgente.pt/canalizador-tresminas,e_self_ref_ok,
canalizador-tresouras.html,https://canalizador-urgente.pt/canalizador-tresouras,e_self_ref_ok,
canalizador-trevoes.html,https://canalizador-urgente.pt/canalizador-trevoes,e_self_ref_ok,
canalizador-trindade.html,https://canalizador-urgente.pt/canalizador-trindade,e_self_ref_ok,
canalizador-tronco.html,https://canalizador-urgente.pt/canalizador-tronco,e_self_ref_ok,
canalizador-truchas-trueitas.html,https://canalizador-urgente.pt/canalizador-truchas-trueitas,e_self_ref_ok,
canalizador-tuizelo.html,https://canalizador-urgente.pt/canalizador-tuizelo,e_self_ref_ok,
canalizador-ucanha.html,https://canalizador-urgente.pt/canalizador-ucanha,e_self_ref_ok,
canalizador-urgente-a-gudina.html,https://canalizador-urgente.pt/canalizador-urgente-a-gudina,e_self_ref_ok,
canalizador-urgente-a-gudiña.html,https://canalizador-urgente.pt/canalizador-urgente-a-gudina,c_money_other_concelho,cible=canalizador-urgente-{slug non-officiel}
canalizador-urgente-abacas.html,https://canalizador-urgente.pt/canalizador-urgente-abacas,e_self_ref_ok,
canalizador-urgente-abaças.html,https://canalizador-urgente.pt/canalizador-urgente-abacas,c_money_other_concelho,cible=canalizador-urgente-{slug non-officiel}
canalizador-urgente-acoreira.html,https://canalizador-urgente.pt/canalizador-urgente-acoreira,e_self_ref_ok,
canalizador-urgente-agrochao.html,https://canalizador-urgente.pt/canalizador-urgente-agrochao,e_self_ref_ok,
canalizador-urgente-agrochão.html,https://canalizador-urgente.pt/canalizador-urgente-agrochao,c_money_other_concelho,cible=canalizador-urgente-{slug non-officiel}
canalizador-urgente-agua-reves.html,https://canalizador-urgente.pt/canalizador-urgente-agua-reves,e_self_ref_ok,
canalizador-urgente-aguas-frias.html,https://canalizador-urgente.pt/canalizador-urgente-aguas-frias,e_self_ref_ok,
canalizador-urgente-aguas-vivas.html,https://canalizador-urgente.pt/canalizador-urgente-aguas-vivas,e_self_ref_ok,
canalizador-urgente-alfaiao.html,https://canalizador-urgente.pt/canalizador-urgente-alfaiao,e_self_ref_ok,
canalizador-urgente-alfaião.html,https://canalizador-urgente.pt/canalizador-urgente-alfaiao,c_money_other_concelho,cible=canalizador-urgente-{slug non-officiel}
canalizador-urgente-alfandega-da-fe.html,https://canalizador-urgente.pt/canalizador-urgente-alfandega-da-fe,e_self_ref_ok,
canalizador-urgente-alfândega-da-fé.html,https://canalizador-urgente.pt/canalizador-urgente-alfandega-da-fe,a_hub_same_concelho,cible = hub urgence concelho officiel
canalizador-urgente-alij.html,https://canalizador-urgente.pt/canalizador-urgente-alij,e_self_ref_ok,
canalizador-urgente-alijo.html,https://canalizador-urgente.pt/canalizador-urgente-alijo,e_self_ref_ok,
canalizador-urgente-alijó.html,https://canalizador-urgente.pt/canalizador-urgente-alijo,a_hub_same_concelho,cible = hub urgence concelho officiel
canalizador-urgente-almendra.html,https://canalizador-urgente.pt/canalizador-urgente-almendra,e_self_ref_ok,
canalizador-urgente-alvacoes-do-corgo.html,https://canalizador-urgente.pt/canalizador-urgente-alvacoes-do-corgo,e_self_ref_ok,
canalizador-urgente-alvações-do-corgo.html,https://canalizador-urgente.pt/canalizador-urgente-alvacoes-do-corgo,c_money_other_concelho,cible=canalizador-urgente-{slug non-officiel}
canalizador-urgente-amarante.html,https://canalizador-urgente.pt/canalizador-urgente-amarante,e_self_ref_ok,
canalizador-urgente-andraes.html,https://canalizador-urgente.pt/canalizador-urgente-andraes,e_self_ref_ok,
canalizador-urgente-andrães.html,https://canalizador-urgente.pt/canalizador-urgente-andraes,c_money_other_concelho,cible=canalizador-urgente-{slug non-officiel}
canalizador-urgente-arcosso.html,https://canalizador-urgente.pt/canalizador-urgente-arcosso,e_self_ref_ok,
canalizador-urgente-arcossó.html,https://canalizador-urgente.pt/canalizador-urgente-arcosso,c_money_other_concelho,cible=canalizador-urgente-{slug non-officiel}
canalizador-urgente-ardaos.html,https://canalizador-urgente.pt/canalizador-urgente-ardaos,e_self_ref_ok,
canalizador-urgente-ardãos.html,https://canalizador-urgente.pt/canalizador-urgente-ardaos,c_money_other_concelho,cible=canalizador-urgente-{slug non-officiel}
canalizador-urgente-argozelo.html,https://canalizador-urgente.pt/canalizador-urgente-argozelo,e_self_ref_ok,
canalizador-urgente-armamar.html,https://canalizador-urgente.pt/canalizador-urgente-armamar,e_self_ref_ok,
canalizador-urgente-avinho.html,https://canalizador-urgente.pt/canalizador-urgente-avinho,e_self_ref_ok,
canalizador-urgente-avinhó.html,https://canalizador-urgente.pt/canalizador-urgente-avinho,c_money_other_concelho,cible=canalizador-urgente-{slug non-officiel}
canalizador-urgente-azevo.html,https://canalizador-urgente.pt/canalizador-urgente-azevo,e_self_ref_ok,
canalizador-urgente-azêvo.html,https://canalizador-urgente.pt/canalizador-urgente-azevo,c_money_other_concelho,cible=canalizador-urgente-{slug non-officiel}
canalizador-urgente-açoreira.html,https://canalizador-urgente.pt/canalizador-urgente-acoreira,c_money_other_concelho,cible=canalizador-urgente-{slug non-officiel}
canalizador-urgente-bacal.html,https://canalizador-urgente.pt/canalizador-urgente-bacal,e_self_ref_ok,
canalizador-urgente-bairro-do-fundo-de-fomento-a-habitacao.html,https://canalizador-urgente.pt/canalizador-urgente-bairro-do-fundo-de-fomento-a-habitacao,e_self_ref_ok,
canalizador-urgente-bairro-do-fundo-de-fomento-à-habitação.html,https://canalizador-urgente.pt/canalizador-urgente-bairro-do-fundo-de-fomento-a-habitacao,c_money_other_concelho,cible=canalizador-urgente-{slug non-officiel}
canalizador-urgente-baçal.html,https://canalizador-urgente.pt/canalizador-urgente-bacal,c_money_other_concelho,cible=canalizador-urgente-{slug non-officiel}
canalizador-urgente-beca.html,https://canalizador-urgente.pt/canalizador-urgente-beca,e_self_ref_ok,
canalizador-urgente-beça.html,https://canalizador-urgente.pt/canalizador-urgente-beca,c_money_other_concelho,cible=canalizador-urgente-{slug non-officiel}
canalizador-urgente-bilho.html,https://canalizador-urgente.pt/canalizador-urgente-bilho,e_self_ref_ok,
canalizador-urgente-bilhó.html,https://canalizador-urgente.pt/canalizador-urgente-bilho,c_money_other_concelho,cible=canalizador-urgente-{slug non-officiel}
canalizador-urgente-bornes.html,https://canalizador-urgente.pt/canalizador-urgente-bornes,e_self_ref_ok,
canalizador-urgente-boticas.html,https://canalizador-urgente.pt/canalizador-urgente-boticas,e_self_ref_ok,
canalizador-urgente-bouca.html,https://canalizador-urgente.pt/canalizador-urgente-bouca,e_self_ref_ok,
canalizador-urgente-boucas.html,https://canalizador-urgente.pt/canalizador-urgente-boucas,e_self_ref_ok,
canalizador-urgente-boucoaes.html,https://canalizador-urgente.pt/canalizador-urgente-boucoaes,e_self_ref_ok,
canalizador-urgente-bouça.html,https://canalizador-urgente.pt/canalizador-urgente-bouca,c_money_other_concelho,cible=canalizador-urgente-{slug non-officiel}
canalizador-urgente-bouças.html,https://canalizador-urgente.pt/canalizador-urgente-boucas,c_money_other_concelho,cible=canalizador-urgente-{slug non-officiel}
canalizador-urgente-bouçoães.html,https://canalizador-urgente.pt/canalizador-urgente-boucoaes,c_money_other_concelho,cible=canalizador-urgente-{slug non-officiel}
canalizador-urgente-braganca.html,https://canalizador-urgente.pt/canalizador-urgente-braganca,e_self_ref_ok,
canalizador-urgente-brinco.html,https://canalizador-urgente.pt/canalizador-urgente-brinco,e_self_ref_ok,
canalizador-urgente-brinço.html,https://canalizador-urgente.pt/canalizador-urgente-brinco,c_money_other_concelho,cible=canalizador-urgente-{slug non-officiel}
canalizador-urgente-britiande.html,https://canalizador-urgente.pt/canalizador-urgente-britiande,e_self_ref_ok,
canalizador-urgente-bruco.html,https://canalizador-urgente.pt/canalizador-urgente-bruco,e_self_ref_ok,
canalizador-urgente-bruçó.html,https://canalizador-urgente.pt/canalizador-urgente-bruco,c_money_other_concelho,cible=canalizador-urgente-{slug non-officiel}
canalizador-urgente-cabacos.html,https://canalizador-urgente.pt/canalizador-urgente-cabacos,e_self_ref_ok,
canalizador-urgente-cabaços.html,https://canalizador-urgente.pt/canalizador-urgente-cabacos,c_money_other_concelho,cible=canalizador-urgente-{slug non-officiel}
canalizador-urgente-cacarelhos.html,https://canalizador-urgente.pt/canalizador-urgente-cacarelhos,e_self_ref_ok,
canalizador-urgente-cachao.html,https://canalizador-urgente.pt/canalizador-urgente-cachao,e_self_ref_ok,
canalizador-urgente-cachão.html,https://canalizador-urgente.pt/canalizador-urgente-cachao,c_money_other_concelho,cible=canalizador-urgente-{slug non-officiel}
canalizador-urgente-calvao.html,https://canalizador-urgente.pt/canalizador-urgente-calvao,e_self_ref_ok,
canalizador-urgente-calvão.html,https://canalizador-urgente.pt/canalizador-urgente-calvao,c_money_other_concelho,cible=canalizador-urgente-{slug non-officiel}
canalizador-urgente-cambres.html,https://canalizador-urgente.pt/canalizador-urgente-cambres,e_self_ref_ok,
canalizador-urgente-campo-de-viboras.html,https://canalizador-urgente.pt/canalizador-urgente-campo-de-viboras,e_self_ref_ok,
canalizador-urgente-campo-de-víboras.html,https://canalizador-urgente.pt/canalizador-urgente-campo-de-viboras,c_money_other_concelho,cible=canalizador-urgente-{slug non-officiel}
canalizador-urgente-carcao.html,https://canalizador-urgente.pt/canalizador-urgente-carcao,e_self_ref_ok,
canalizador-urgente-carcaozinho.html,https://canalizador-urgente.pt/canalizador-urgente-carcaozinho,e_self_ref_ok,
canalizador-urgente-carlao.html,https://canalizador-urgente.pt/canalizador-urgente-carlao,e_self_ref_ok,
canalizador-urgente-carlão.html,https://canalizador-urgente.pt/canalizador-urgente-carlao,c_money_other_concelho,cible=canalizador-urgente-{slug non-officiel}
canalizador-urgente-carrazeda-de-anciaes.html,https://canalizador-urgente.pt/canalizador-urgente-carrazeda-de-anciaes,e_self_ref_ok,
canalizador-urgente-carrazeda-de-ansiaes.html,https://canalizador-urgente.pt/canalizador-urgente-carrazeda-de-ansiaes,e_self_ref_ok,
canalizador-urgente-carrazeda-de-ansiães.html,https://canalizador-urgente.pt/canalizador-urgente-carrazeda-de-ansiaes,a_hub_same_concelho,cible = hub urgence concelho officiel
canalizador-urgente-carrazedo-de-montenegro.html,https://canalizador-urgente.pt/canalizador-urgente-carrazedo-de-montenegro,e_self_ref_ok,
canalizador-urgente-carrazedo-do-alvao.html,https://canalizador-urgente.pt/canalizador-urgente-carrazedo-do-alvao,e_self_ref_ok,
canalizador-urgente-carrazedo-do-alvão.html,https://canalizador-urgente.pt/canalizador-urgente-carrazedo-do-alvao,c_money_other_concelho,cible=canalizador-urgente-{slug non-officiel}
canalizador-urgente-carvicais.html,https://canalizador-urgente.pt/canalizador-urgente-carvicais,e_self_ref_ok,
canalizador-urgente-carviçais.html,https://canalizador-urgente.pt/canalizador-urgente-carvicais,c_money_other_concelho,cible=canalizador-urgente-{slug non-officiel}
canalizador-urgente-carção.html,https://canalizador-urgente.pt/canalizador-urgente-carcao,c_money_other_concelho,cible=canalizador-urgente-{slug non-officiel}
canalizador-urgente-carçãozinho.html,https://canalizador-urgente.pt/canalizador-urgente-carcaozinho,c_money_other_concelho,cible=canalizador-urgente-{slug non-officiel}
canalizador-urgente-castainco.html,https://canalizador-urgente.pt/canalizador-urgente-castainco,e_self_ref_ok,
canalizador-urgente-castainço.html,https://canalizador-urgente.pt/canalizador-urgente-castainco,c_money_other_concelho,cible=canalizador-urgente-{slug non-officiel}
canalizador-urgente-castelaos.html,https://canalizador-urgente.pt/canalizador-urgente-castelaos,e_self_ref_ok,
canalizador-urgente-castelo-de-balsamao.html,https://canalizador-urgente.pt/canalizador-urgente-castelo-de-balsamao,e_self_ref_ok,
canalizador-urgente-castelo-de-balsamão.html,https://canalizador-urgente.pt/canalizador-urgente-castelo-de-balsamao,c_money_other_concelho,cible=canalizador-urgente-{slug non-officiel}
canalizador-urgente-castelãos.html,https://canalizador-urgente.pt/canalizador-urgente-castelaos,c_money_other_concelho,cible=canalizador-urgente-{slug non-officiel}
canalizador-urgente-castro-de-avelas.html,https://canalizador-urgente.pt/canalizador-urgente-castro-de-avelas,e_self_ref_ok,
canalizador-urgente-castro-de-avelãs.html,https://canalizador-urgente.pt/canalizador-urgente-castro-de-avelas,c_money_other_concelho,cible=canalizador-urgente-{slug non-officiel}
canalizador-urgente-caçarelhos.html,https://canalizador-urgente.pt/canalizador-urgente-cacarelhos,c_money_other_concelho,cible=canalizador-urgente-{slug non-officiel}
canalizador-urgente-cedaes.html,https://canalizador-urgente.pt/canalizador-urgente-cedaes,e_self_ref_ok,
canalizador-urgente-cedovim.html,https://canalizador-urgente.pt/canalizador-urgente-cedovim,e_self_ref_ok,
canalizador-urgente-cedães.html,https://canalizador-urgente.pt/canalizador-urgente-cedaes,c_money_other_concelho,cible=canalizador-urgente-{slug non-officiel}
canalizador-urgente-cerva.html,https://canalizador-urgente.pt/canalizador-urgente-cerva,e_self_ref_ok,
canalizador-urgente-chacim.html,https://canalizador-urgente.pt/canalizador-urgente-chacim,e_self_ref_ok,
canalizador-urgente-chaos.html,https://canalizador-urgente.pt/canalizador-urgente-chaos,e_self_ref_ok,
canalizador-urgente-chas.html,https://canalizador-urgente.pt/canalizador-urgente-chas,e_self_ref_ok,
canalizador-urgente-chavaes.html,https://canalizador-urgente.pt/canalizador-urgente-chavaes,e_self_ref_ok,
canalizador-urgente-chaves.html,https://canalizador-urgente.pt/canalizador-urgente-chaves,e_self_ref_ok,
canalizador-urgente-chavães.html,https://canalizador-urgente.pt/canalizador-urgente-chavaes,c_money_other_concelho,cible=canalizador-urgente-{slug non-officiel}
canalizador-urgente-chãos.html,https://canalizador-urgente.pt/canalizador-urgente-chaos,c_money_other_concelho,cible=canalizador-urgente-{slug non-officiel}
canalizador-urgente-chãs.html,https://canalizador-urgente.pt/canalizador-urgente-chas,c_money_other_concelho,cible=canalizador-urgente-{slug non-officiel}
canalizador-urgente-cidoes.html,https://canalizador-urgente.pt/canalizador-urgente-cidoes,e_self_ref_ok,
canalizador-urgente-cidões.html,https://canalizador-urgente.pt/canalizador-urgente-cidoes,c_money_other_concelho,cible=canalizador-urgente-{slug non-officiel}
canalizador-urgente-corrica.html,https://canalizador-urgente.pt/canalizador-urgente-corrica,e_self_ref_ok,
canalizador-urgente-corriça.html,https://canalizador-urgente.pt/canalizador-urgente-corrica,c_money_other_concelho,cible=canalizador-urgente-{slug non-officiel}
canalizador-urgente-cortiços.html,https://canalizador-urgente.pt/canalizador-urgente-corticos,c_money_other_concelho,cible=canalizador-urgente-{slug non-officiel}
canalizador-urgente-coucos.html,https://canalizador-urgente.pt/canalizador-urgente-coucos,e_self_ref_ok,
canalizador-urgente-couços.html,https://canalizador-urgente.pt/canalizador-urgente-coucos,c_money_other_concelho,cible=canalizador-urgente-{slug non-officiel}
canalizador-urgente-cumieira.html,https://canalizador-urgente.pt/canalizador-urgente-cumieira,e_self_ref_ok,
canalizador-urgente-custoias.html,https://canalizador-urgente.pt/canalizador-urgente-custoias,e_self_ref_ok,
canalizador-urgente-custóias.html,https://canalizador-urgente.pt/canalizador-urgente-custoias,c_money_other_concelho,cible=canalizador-urgente-{slug non-officiel}
canalizador-urgente-deilao.html,https://canalizador-urgente.pt/canalizador-urgente-deilao,e_self_ref_ok,
canalizador-urgente-deilão.html,https://canalizador-urgente.pt/canalizador-urgente-deilao,c_money_other_concelho,cible=canalizador-urgente-{slug non-officiel}
canalizador-urgente-ervedosa-do-douro.html,https://canalizador-urgente.pt/canalizador-urgente-ervedosa-do-douro,e_self_ref_ok,
canalizador-urgente-ervoes.html,https://canalizador-urgente.pt/canalizador-urgente-ervoes,e_self_ref_ok,
canalizador-urgente-ervões.html,https://canalizador-urgente.pt/canalizador-urgente-ervoes,c_money_other_concelho,cible=canalizador-urgente-{slug non-officiel}
canalizador-urgente-escalhao.html,https://canalizador-urgente.pt/canalizador-urgente-escalhao,e_self_ref_ok,
canalizador-urgente-escalhão.html,https://canalizador-urgente.pt/canalizador-urgente-escalhao,c_money_other_concelho,cible=canalizador-urgente-{slug non-officiel}
canalizador-urgente-failde.html,https://canalizador-urgente.pt/canalizador-urgente-failde,e_self_ref_ok,
canalizador-urgente-faioes.html,https://canalizador-urgente.pt/canalizador-urgente-faioes,e_self_ref_ok,
canalizador-urgente-faiões.html,https://canalizador-urgente.pt/canalizador-urgente-faioes,c_money_other_concelho,cible=canalizador-urgente-{slug non-officiel}
canalizador-urgente-favaios.html,https://canalizador-urgente.pt/canalizador-urgente-favaios,e_self_ref_ok,
canalizador-urgente-faílde.html,https://canalizador-urgente.pt/canalizador-urgente-failde,c_money_other_concelho,cible=canalizador-urgente-{slug non-officiel}
canalizador-urgente-fermentaos.html,https://canalizador-urgente.pt/canalizador-urgente-fermentaos,e_self_ref_ok,
canalizador-urgente-fermentãos.html,https://canalizador-urgente.pt/canalizador-urgente-fermentaos,c_money_other_concelho,cible=canalizador-urgente-{slug non-officiel}
canalizador-urgente-ferreruela-de-tabara.html,https://canalizador-urgente.pt/canalizador-urgente-ferreruela-de-tabara,e_self_ref_ok,
canalizador-urgente-ferreruela-de-tábara.html,https://canalizador-urgente.pt/canalizador-urgente-ferreruela-de-tabara,c_money_other_concelho,cible=canalizador-urgente-{slug non-officiel}
canalizador-urgente-fiaes-do-tamega.html,https://canalizador-urgente.pt/canalizador-urgente-fiaes-do-tamega,e_self_ref_ok,
canalizador-urgente-fiaes.html,https://canalizador-urgente.pt/canalizador-urgente-fiaes,e_self_ref_ok,
canalizador-urgente-figueira-de-castelo-rodrigo.html,https://canalizador-urgente.pt/canalizador-urgente-figueira-de-castelo-rodrigo,e_self_ref_ok,
canalizador-urgente-fiães-do-tâmega.html,https://canalizador-urgente.pt/canalizador-urgente-fiaes-do-tamega,c_money_other_concelho,cible=canalizador-urgente-{slug non-officiel}
canalizador-urgente-fiães.html,https://canalizador-urgente.pt/canalizador-urgente-fiaes,c_money_other_concelho,cible=canalizador-urgente-{slug non-officiel}
canalizador-urgente-fontao.html,https://canalizador-urgente.pt/canalizador-urgente-fontao,e_self_ref_ok,
canalizador-urgente-fontão.html,https://canalizador-urgente.pt/canalizador-urgente-fontao,c_money_other_concelho,cible=canalizador-urgente-{slug non-officiel}
canalizador-urgente-franca.html,https://canalizador-urgente.pt/canalizador-urgente-franca,e_self_ref_ok,
canalizador-urgente-frança.html,https://canalizador-urgente.pt/canalizador-urgente-franca,c_money_other_concelho,cible=canalizador-urgente-{slug non-officiel}
canalizador-urgente-freixeda-do-torrao.html,https://canalizador-urgente.pt/canalizador-urgente-freixeda-do-torrao,e_self_ref_ok,
canalizador-urgente-freixeda-do-torrão.html,https://canalizador-urgente.pt/canalizador-urgente-freixeda-do-torrao,c_money_other_concelho,cible=canalizador-urgente-{slug non-officiel}
canalizador-urgente-freixo-de-espada-a-cinta.html,https://canalizador-urgente.pt/canalizador-urgente-freixo-de-espada-a-cinta,e_self_ref_ok,
canalizador-urgente-freixo-de-espada-à-cinta.html,https://canalizador-urgente.pt/canalizador-urgente-freixo-de-espada-a-cinta,a_hub_same_concelho,cible = hub urgence concelho officiel
canalizador-urgente-freixo-de-numao.html,https://canalizador-urgente.pt/canalizador-urgente-freixo-de-numao,e_self_ref_ok,
canalizador-urgente-freixo-de-numão.html,https://canalizador-urgente.pt/canalizador-urgente-freixo-de-numao,c_money_other_concelho,cible=canalizador-urgente-{slug non-officiel}
canalizador-urgente-frioes.html,https://canalizador-urgente.pt/canalizador-urgente-frioes,e_self_ref_ok,
canalizador-urgente-friões.html,https://canalizador-urgente.pt/canalizador-urgente-frioes,c_money_other_concelho,cible=canalizador-urgente-{slug non-officiel}
canalizador-urgente-gandaricas.html,https://canalizador-urgente.pt/canalizador-urgente-gandaricas,e_self_ref_ok,
canalizador-urgente-gandariças.html,https://canalizador-urgente.pt/canalizador-urgente-gandaricas,c_money_other_concelho,cible=canalizador-urgente-{slug non-officiel}
canalizador-urgente-genisio.html,https://canalizador-urgente.pt/canalizador-urgente-genisio,e_self_ref_ok,
canalizador-urgente-genísio.html,https://canalizador-urgente.pt/canalizador-urgente-genisio,c_money_other_concelho,cible=canalizador-urgente-{slug non-officiel}
canalizador-urgente-gorgoco.html,https://canalizador-urgente.pt/canalizador-urgente-gorgoco,e_self_ref_ok,
canalizador-urgente-gorgoço.html,https://canalizador-urgente.pt/canalizador-urgente-gorgoco,c_money_other_concelho,cible=canalizador-urgente-{slug non-officiel}
canalizador-urgente-gouvaes-da-serra.html,https://canalizador-urgente.pt/canalizador-urgente-gouvaes-da-serra,e_self_ref_ok,
canalizador-urgente-gouvaes-do-douro.html,https://canalizador-urgente.pt/canalizador-urgente-gouvaes-do-douro,e_self_ref_ok,
canalizador-urgente-gouvães-da-serra.html,https://canalizador-urgente.pt/canalizador-urgente-gouvaes-da-serra,c_money_other_concelho,cible=canalizador-urgente-{slug non-officiel}
canalizador-urgente-gouvães-do-douro.html,https://canalizador-urgente.pt/canalizador-urgente-gouvaes-do-douro,c_money_other_concelho,cible=canalizador-urgente-{slug non-officiel}
canalizador-urgente-gradissimo.html,https://canalizador-urgente.pt/canalizador-urgente-gradissimo,e_self_ref_ok,
canalizador-urgente-gradíssimo.html,https://canalizador-urgente.pt/canalizador-urgente-gradissimo,c_money_other_concelho,cible=canalizador-urgente-{slug non-officiel}
canalizador-urgente-gralhos.html,https://canalizador-urgente.pt/canalizador-urgente-gralhos,e_self_ref_ok,
canalizador-urgente-gralhós.html,https://canalizador-urgente.pt/canalizador-urgente-gralhos,c_money_other_concelho,cible=canalizador-urgente-{slug non-officiel}
canalizador-urgente-grijo-de-parada.html,https://canalizador-urgente.pt/canalizador-urgente-grijo-de-parada,e_self_ref_ok,
canalizador-urgente-grijo.html,https://canalizador-urgente.pt/canalizador-urgente-grijo,e_self_ref_ok,
canalizador-urgente-grijó-de-parada.html,https://canalizador-urgente.pt/canalizador-urgente-grijo-de-parada,c_money_other_concelho,cible=canalizador-urgente-{slug non-officiel}
canalizador-urgente-grijó.html,https://canalizador-urgente.pt/canalizador-urgente-grijo,c_money_other_concelho,cible=canalizador-urgente-{slug non-officiel}
canalizador-urgente-guiaes.html,https://canalizador-urgente.pt/canalizador-urgente-guiaes,e_self_ref_ok,
canalizador-urgente-guiães.html,https://canalizador-urgente.pt/canalizador-urgente-guiaes,c_money_other_concelho,cible=canalizador-urgente-{slug non-officiel}
canalizador-urgente-horta-da-vilarica.html,https://canalizador-urgente.pt/canalizador-urgente-horta-da-vilarica,e_self_ref_ok,
canalizador-urgente-horta-da-vilariça.html,https://canalizador-urgente.pt/canalizador-urgente-horta-da-vilarica,c_money_other_concelho,cible=canalizador-urgente-{slug non-officiel}
canalizador-urgente-izeda.html,https://canalizador-urgente.pt/canalizador-urgente-izeda,e_self_ref_ok,
canalizador-urgente-jerusalem-do-romeu.html,https://canalizador-urgente.pt/canalizador-urgente-jerusalem-do-romeu,e_self_ref_ok,
canalizador-urgente-jerusalém-do-romeu.html,https://canalizador-urgente.pt/canalizador-urgente-jerusalem-do-romeu,c_money_other_concelho,cible=canalizador-urgente-{slug non-officiel}
canalizador-urgente-lagoa.html,https://canalizador-urgente.pt/canalizador-urgente-lagoa,e_self_ref_ok,
canalizador-urgente-lagoaca.html,https://canalizador-urgente.pt/canalizador-urgente-lagoaca,e_self_ref_ok,
canalizador-urgente-lagoaça.html,https://canalizador-urgente.pt/canalizador-urgente-lagoaca,c_money_other_concelho,cible=canalizador-urgente-{slug non-officiel}
canalizador-urgente-lalim.html,https://canalizador-urgente.pt/canalizador-urgente-lalim,e_self_ref_ok,
canalizador-urgente-lamas-de-orelhao.html,https://canalizador-urgente.pt/canalizador-urgente-lamas-de-orelhao,e_self_ref_ok,
canalizador-urgente-lamas-de-orelhão.html,https://canalizador-urgente.pt/canalizador-urgente-lamas-de-orelhao,c_money_other_concelho,cible=canalizador-urgente-{slug non-officiel}
canalizador-urgente-lamego.html,https://canalizador-urgente.pt/canalizador-urgente-lamego,e_self_ref_ok,
canalizador-urgente-lancao.html,https://canalizador-urgente.pt/canalizador-urgente-lancao,e_self_ref_ok,
canalizador-urgente-lanção.html,https://canalizador-urgente.pt/canalizador-urgente-lancao,c_money_other_concelho,cible=canalizador-urgente-{slug non-officiel}
canalizador-urgente-lazarim.html,https://canalizador-urgente.pt/canalizador-urgente-lazarim,e_self_ref_ok,
canalizador-urgente-lebucao.html,https://canalizador-urgente.pt/canalizador-urgente-lebucao,e_self_ref_ok,
canalizador-urgente-lebução.html,https://canalizador-urgente.pt/canalizador-urgente-lebucao,c_money_other_concelho,cible=canalizador-urgente-{slug non-officiel}
canalizador-urgente-limaos.html,https://canalizador-urgente.pt/canalizador-urgente-limaos,e_self_ref_ok,
canalizador-urgente-limoes.html,https://canalizador-urgente.pt/canalizador-urgente-limoes,e_self_ref_ok,
canalizador-urgente-limãos.html,https://canalizador-urgente.pt/canalizador-urgente-limaos,c_money_other_concelho,cible=canalizador-urgente-{slug non-officiel}
canalizador-urgente-limões.html,https://canalizador-urgente.pt/canalizador-urgente-limoes,c_money_other_concelho,cible=canalizador-urgente-{slug non-officiel}
canalizador-urgente-lixa-do-alvao.html,https://canalizador-urgente.pt/canalizador-urgente-lixa-do-alvao,e_self_ref_ok,
canalizador-urgente-lixa-do-alvão.html,https://canalizador-urgente.pt/canalizador-urgente-lixa-do-alvao,c_money_other_concelho,cible=canalizador-urgente-{slug non-officiel}
canalizador-urgente-lixa.html,https://canalizador-urgente.pt/canalizador-urgente-lixa,e_self_ref_ok,
canalizador-urgente-lodoes.html,https://canalizador-urgente.pt/canalizador-urgente-lodoes,e_self_ref_ok,
canalizador-urgente-lodões.html,https://canalizador-urgente.pt/canalizador-urgente-lodoes,c_money_other_concelho,cible=canalizador-urgente-{slug non-officiel}
canalizador-urgente-lordelo.html,https://canalizador-urgente.pt/canalizador-urgente-lordelo,e_self_ref_ok,
canalizador-urgente-macedo-de-cavaleiros.html,https://canalizador-urgente.pt/canalizador-urgente-macedo-de-cavaleiros,e_self_ref_ok,
canalizador-urgente-macores.html,https://canalizador-urgente.pt/canalizador-urgente-macores,e_self_ref_ok,
canalizador-urgente-marco-de-canaveses.html,https://canalizador-urgente.pt/canalizador-urgente-marco-de-canaveses,e_self_ref_ok,
canalizador-urgente-marialva.html,https://canalizador-urgente.pt/canalizador-urgente-marialva,e_self_ref_ok,
canalizador-urgente-marzagao.html,https://canalizador-urgente.pt/canalizador-urgente-marzagao,e_self_ref_ok,
canalizador-urgente-marzagão.html,https://canalizador-urgente.pt/canalizador-urgente-marzagao,c_money_other_concelho,cible=canalizador-urgente-{slug non-officiel}
canalizador-urgente-maçores.html,https://canalizador-urgente.pt/canalizador-urgente-macores,c_money_other_concelho,cible=canalizador-urgente-{slug non-officiel}
canalizador-urgente-mesao-frio.html,https://canalizador-urgente.pt/canalizador-urgente-mesao-frio,e_self_ref_ok,
canalizador-urgente-milhao.html,https://canalizador-urgente.pt/canalizador-urgente-milhao,e_self_ref_ok,
canalizador-urgente-milhão.html,https://canalizador-urgente.pt/canalizador-urgente-milhao,c_money_other_concelho,cible=canalizador-urgente-{slug non-officiel}
canalizador-urgente-miranda-do-douro.html,https://canalizador-urgente.pt/canalizador-urgente-miranda-do-douro,e_self_ref_ok,
canalizador-urgente-mirandela.html,https://canalizador-urgente.pt/canalizador-urgente-mirandela,e_self_ref_ok,
canalizador-urgente-mogadouro.html,https://canalizador-urgente.pt/canalizador-urgente-mogadouro,e_self_ref_ok,
canalizador-urgente-mograo.html,https://canalizador-urgente.pt/canalizador-urgente-mograo,e_self_ref_ok,
canalizador-urgente-mogrão.html,https://canalizador-urgente.pt/canalizador-urgente-mograo,c_money_other_concelho,cible=canalizador-urgente-{slug non-officiel}
canalizador-urgente-moimenta-da-beira.html,https://canalizador-urgente.pt/canalizador-urgente-moimenta-da-beira,e_self_ref_ok,
canalizador-urgente-mondim-da-beira.html,https://canalizador-urgente.pt/canalizador-urgente-mondim-da-beira,e_self_ref_ok,
canalizador-urgente-mondim-de-basto.html,https://canalizador-urgente.pt/canalizador-urgente-mondim-de-basto,e_self_ref_ok,
canalizador-urgente-mondroes.html,https://canalizador-urgente.pt/canalizador-urgente-mondroes,e_self_ref_ok,
canalizador-urgente-mondrões.html,https://canalizador-urgente.pt/canalizador-urgente-mondroes,c_money_other_concelho,cible=canalizador-urgente-{slug non-officiel}
canalizador-urgente-montalegre.html,https://canalizador-urgente.pt/canalizador-urgente-montalegre,e_self_ref_ok,
canalizador-urgente-morais.html,https://canalizador-urgente.pt/canalizador-urgente-morais,e_self_ref_ok,
canalizador-urgente-mos-de-celas.html,https://canalizador-urgente.pt/canalizador-urgente-mos-de-celas,e_self_ref_ok,
canalizador-urgente-mos.html,https://canalizador-urgente.pt/canalizador-urgente-mos,e_self_ref_ok,
canalizador-urgente-moucos.html,https://canalizador-urgente.pt/canalizador-urgente-moucos,e_self_ref_ok,
canalizador-urgente-mourao.html,https://canalizador-urgente.pt/canalizador-urgente-mourao,e_self_ref_ok,
canalizador-urgente-mourão.html,https://canalizador-urgente.pt/canalizador-urgente-mourao,c_money_other_concelho,cible=canalizador-urgente-{slug non-officiel}
canalizador-urgente-mouçós.html,https://canalizador-urgente.pt/canalizador-urgente-moucos,c_money_other_concelho,cible=canalizador-urgente-{slug non-officiel}
canalizador-urgente-murca.html,https://canalizador-urgente.pt/canalizador-urgente-murca,e_self_ref_ok,
canalizador-urgente-murcos.html,https://canalizador-urgente.pt/canalizador-urgente-murcos,e_self_ref_ok,
canalizador-urgente-murias.html,https://canalizador-urgente.pt/canalizador-urgente-murias,e_self_ref_ok,
canalizador-urgente-murça.html,https://canalizador-urgente.pt/canalizador-urgente-murca,a_hub_same_concelho,cible = hub urgence concelho officiel
canalizador-urgente-murçós.html,https://canalizador-urgente.pt/canalizador-urgente-murcos,c_money_other_concelho,cible=canalizador-urgente-{slug non-officiel}
canalizador-urgente-mós-de-celas.html,https://canalizador-urgente.pt/canalizador-urgente-mos-de-celas,c_money_other_concelho,cible=canalizador-urgente-{slug non-officiel}
canalizador-urgente-mós.html,https://canalizador-urgente.pt/canalizador-urgente-mos,c_money_other_concelho,cible=canalizador-urgente-{slug non-officiel}
canalizador-urgente-múrias.html,https://canalizador-urgente.pt/canalizador-urgente-murias,c_money_other_concelho,cible=canalizador-urgente-{slug non-officiel}
canalizador-urgente-negroes.html,https://canalizador-urgente.pt/canalizador-urgente-negroes,e_self_ref_ok,
canalizador-urgente-negrões.html,https://canalizador-urgente.pt/canalizador-urgente-negroes,c_money_other_concelho,cible=canalizador-urgente-{slug non-officiel}
canalizador-urgente-numao.html,https://canalizador-urgente.pt/canalizador-urgente-numao,e_self_ref_ok,
canalizador-urgente-numão.html,https://canalizador-urgente.pt/canalizador-urgente-numao,c_money_other_concelho,cible=canalizador-urgente-{slug non-officiel}
canalizador-urgente-o-rios.html,https://canalizador-urgente.pt/canalizador-urgente-o-rios,e_self_ref_ok,
canalizador-urgente-o-riós.html,https://canalizador-urgente.pt/canalizador-urgente-o-rios,c_money_other_concelho,cible=canalizador-urgente-{slug non-officiel}
canalizador-urgente-ousilhao.html,https://canalizador-urgente.pt/canalizador-urgente-ousilhao,e_self_ref_ok,
canalizador-urgente-ousilhão.html,https://canalizador-urgente.pt/canalizador-urgente-ousilhao,c_money_other_concelho,cible=canalizador-urgente-{slug non-officiel}
canalizador-urgente-paco-de-sortes.html,https://canalizador-urgente.pt/canalizador-urgente-paco-de-sortes,e_self_ref_ok,
canalizador-urgente-pacos.html,https://canalizador-urgente.pt/canalizador-urgente-pacos,e_self_ref_ok,
canalizador-urgente-padua-freixo.html,https://canalizador-urgente.pt/canalizador-urgente-padua-freixo,e_self_ref_ok,
canalizador-urgente-palacoulo.html,https://canalizador-urgente.pt/canalizador-urgente-palacoulo,e_self_ref_ok,
canalizador-urgente-palaçoulo.html,https://canalizador-urgente.pt/canalizador-urgente-palacoulo,c_money_other_concelho,cible=canalizador-urgente-{slug non-officiel}
canalizador-urgente-parada-do-pinhao.html,https://canalizador-urgente.pt/canalizador-urgente-parada-do-pinhao,e_self_ref_ok,
canalizador-urgente-parada-do-pinhão.html,https://canalizador-urgente.pt/canalizador-urgente-parada-do-pinhao,c_money_other_concelho,cible=canalizador-urgente-{slug non-officiel}
canalizador-urgente-paradela-de-guiaes.html,https://canalizador-urgente.pt/canalizador-urgente-paradela-de-guiaes,e_self_ref_ok,
canalizador-urgente-paradela-de-guiães.html,https://canalizador-urgente.pt/canalizador-urgente-paradela-de-guiaes,c_money_other_concelho,cible=canalizador-urgente-{slug non-officiel}
canalizador-urgente-paramio.html,https://canalizador-urgente.pt/canalizador-urgente-paramio,e_self_ref_ok,
canalizador-urgente-parâmio.html,https://canalizador-urgente.pt/canalizador-urgente-paramio,c_money_other_concelho,cible=canalizador-urgente-{slug non-officiel}
canalizador-urgente-paços.html,https://canalizador-urgente.pt/canalizador-urgente-pacos,c_money_other_concelho,cible=canalizador-urgente-{slug non-officiel}
canalizador-urgente-paçô-de-sortes.html,https://canalizador-urgente.pt/canalizador-urgente-paco-de-sortes,c_money_other_concelho,cible=canalizador-urgente-{slug non-officiel}
canalizador-urgente-pedras-salgadas.html,https://canalizador-urgente.pt/canalizador-urgente-pedras-salgadas,e_self_ref_ok,
canalizador-urgente-penedono.html,https://canalizador-urgente.pt/canalizador-urgente-penedono,e_self_ref_ok,
canalizador-urgente-penha-de-aguia.html,https://canalizador-urgente.pt/canalizador-urgente-penha-de-aguia,e_self_ref_ok,
canalizador-urgente-penha-de-águia.html,https://canalizador-urgente.pt/canalizador-urgente-penha-de-aguia,c_money_other_concelho,cible=canalizador-urgente-{slug non-officiel}
canalizador-urgente-peso-da-r-gua.html,https://canalizador-urgente.pt/canalizador-urgente-peso-da-r-gua,e_self_ref_ok,
canalizador-urgente-peso-da-regua.html,https://canalizador-urgente.pt/canalizador-urgente-peso-da-regua,e_self_ref_ok,
canalizador-urgente-pias.html,https://canalizador-urgente.pt/canalizador-urgente-pias,e_self_ref_ok,
canalizador-urgente-pinhao.html,https://canalizador-urgente.pt/canalizador-urgente-pinhao,e_self_ref_ok,
canalizador-urgente-poco-do-canto.html,https://canalizador-urgente.pt/canalizador-urgente-poco-do-canto,e_self_ref_ok,
canalizador-urgente-podence.html,https://canalizador-urgente.pt/canalizador-urgente-podence,e_self_ref_ok,
canalizador-urgente-populo.html,https://canalizador-urgente.pt/canalizador-urgente-populo,e_self_ref_ok,
canalizador-urgente-povoa-de-agracoes.html,https://canalizador-urgente.pt/canalizador-urgente-povoa-de-agracoes,e_self_ref_ok,
canalizador-urgente-povoa-de-lila.html,https://canalizador-urgente.pt/canalizador-urgente-povoa-de-lila,e_self_ref_ok,
canalizador-urgente-povoa-de-penela.html,https://canalizador-urgente.pt/canalizador-urgente-povoa-de-penela,e_self_ref_ok,
canalizador-urgente-poço-do-canto.html,https://canalizador-urgente.pt/canalizador-urgente-poco-do-canto,c_money_other_concelho,cible=canalizador-urgente-{slug non-officiel}
canalizador-urgente-presandaes.html,https://canalizador-urgente.pt/canalizador-urgente-presandaes,e_self_ref_ok,
canalizador-urgente-presandães.html,https://canalizador-urgente.pt/canalizador-urgente-presandaes,c_money_other_concelho,cible=canalizador-urgente-{slug non-officiel}
canalizador-urgente-pádua-freixo.html,https://canalizador-urgente.pt/canalizador-urgente-padua-freixo,c_money_other_concelho,cible=canalizador-urgente-{slug non-officiel}
canalizador-urgente-pías.html,https://canalizador-urgente.pt/canalizador-urgente-pias,c_money_other_concelho,cible=canalizador-urgente-{slug non-officiel}
canalizador-urgente-pópulo.html,https://canalizador-urgente.pt/canalizador-urgente-populo,c_money_other_concelho,cible=canalizador-urgente-{slug non-officiel}
canalizador-urgente-póvoa-de-agrações.html,https://canalizador-urgente.pt/canalizador-urgente-povoa-de-agracoes,c_money_other_concelho,cible=canalizador-urgente-{slug non-officiel}
canalizador-urgente-póvoa-de-lila.html,https://canalizador-urgente.pt/canalizador-urgente-povoa-de-lila,c_money_other_concelho,cible=canalizador-urgente-{slug non-officiel}
canalizador-urgente-póvoa-de-penela.html,https://canalizador-urgente.pt/canalizador-urgente-povoa-de-penela,c_money_other_concelho,cible=canalizador-urgente-{slug non-officiel}
canalizador-urgente-quinta-de-pero-martins.html,https://canalizador-urgente.pt/canalizador-urgente-quinta-de-pero-martins,e_self_ref_ok,
canalizador-urgente-quinta-de-sao-pedro.html,https://canalizador-urgente.pt/canalizador-urgente-quinta-de-sao-pedro,e_self_ref_ok,
canalizador-urgente-quinta-de-são-pedro.html,https://canalizador-urgente.pt/canalizador-urgente-quinta-de-sao-pedro,c_money_other_concelho,cible=canalizador-urgente-{slug non-officiel}
canalizador-urgente-quintela-de-lampacas.html,https://canalizador-urgente.pt/canalizador-urgente-quintela-de-lampacas,e_self_ref_ok,
canalizador-urgente-quintela-de-lampaças.html,https://canalizador-urgente.pt/canalizador-urgente-quintela-de-lampacas,c_money_other_concelho,cible=canalizador-urgente-{slug non-officiel}
canalizador-urgente-quintã-de-pero-martins.html,https://canalizador-urgente.pt/canalizador-urgente-quinta-de-pero-martins,c_money_other_concelho,cible=canalizador-urgente-{slug non-officiel}
canalizador-urgente-quiras.html,https://canalizador-urgente.pt/canalizador-urgente-quiras,e_self_ref_ok,
canalizador-urgente-quirás.html,https://canalizador-urgente.pt/canalizador-urgente-quiras,c_money_other_concelho,cible=canalizador-urgente-{slug non-officiel}
canalizador-urgente-rebordaos.html,https://canalizador-urgente.pt/canalizador-urgente-rebordaos,e_self_ref_ok,
canalizador-urgente-rebordãos.html,https://canalizador-urgente.pt/canalizador-urgente-rebordaos,c_money_other_concelho,cible=canalizador-urgente-{slug non-officiel}
canalizador-urgente-resende.html,https://canalizador-urgente.pt/canalizador-urgente-resende,e_self_ref_ok,
canalizador-urgente-ribeira-de-pena.html,https://canalizador-urgente.pt/canalizador-urgente-ribeira-de-pena,e_self_ref_ok,
canalizador-urgente-sabrosa.html,https://canalizador-urgente.pt/canalizador-urgente-sabrosa,e_self_ref_ok,
canalizador-urgente-salzedas.html,https://canalizador-urgente.pt/canalizador-urgente-salzedas,e_self_ref_ok,
canalizador-urgente-samaioes.html,https://canalizador-urgente.pt/canalizador-urgente-samaioes,e_self_ref_ok,
canalizador-urgente-samaiões.html,https://canalizador-urgente.pt/canalizador-urgente-samaioes,c_money_other_concelho,cible=canalizador-urgente-{slug non-officiel}
canalizador-urgente-samoes.html,https://canalizador-urgente.pt/canalizador-urgente-samoes,e_self_ref_ok,
canalizador-urgente-samões.html,https://canalizador-urgente.pt/canalizador-urgente-samoes,c_money_other_concelho,cible=canalizador-urgente-{slug non-officiel}
canalizador-urgente-sanfins-do-douro.html,https://canalizador-urgente.pt/canalizador-urgente-sanfins-do-douro,e_self_ref_ok,
canalizador-urgente-santa-comba-de-vilarica.html,https://canalizador-urgente.pt/canalizador-urgente-santa-comba-de-vilarica,e_self_ref_ok,
canalizador-urgente-santa-comba-de-vilariça.html,https://canalizador-urgente.pt/canalizador-urgente-santa-comba-de-vilarica,c_money_other_concelho,cible=canalizador-urgente-{slug non-officiel}
canalizador-urgente-santa-eugenia.html,https://canalizador-urgente.pt/canalizador-urgente-santa-eugenia,e_self_ref_ok,
canalizador-urgente-santa-eugénia.html,https://canalizador-urgente.pt/canalizador-urgente-santa-eugenia,c_money_other_concelho,cible=canalizador-urgente-{slug non-officiel}
canalizador-urgente-santa-leocadia.html,https://canalizador-urgente.pt/canalizador-urgente-santa-leocadia,e_self_ref_ok,
canalizador-urgente-santa-leocádia.html,https://canalizador-urgente.pt/canalizador-urgente-santa-leocadia,c_money_other_concelho,cible=canalizador-urgente-{slug non-officiel}
canalizador-urgente-santa-maria-de-emeres.html,https://canalizador-urgente.pt/canalizador-urgente-santa-maria-de-emeres,e_self_ref_ok,
canalizador-urgente-santa-maria-de-émeres.html,https://canalizador-urgente.pt/canalizador-urgente-santa-maria-de-emeres,c_money_other_concelho,cible=canalizador-urgente-{slug non-officiel}
canalizador-urgente-santa-marinha-do-zezere.html,https://canalizador-urgente.pt/canalizador-urgente-santa-marinha-do-zezere,e_self_ref_ok,
canalizador-urgente-santa-marta-de-penaguiao.html,https://canalizador-urgente.pt/canalizador-urgente-santa-marta-de-penaguiao,e_self_ref_ok,
canalizador-urgente-santo-adriao.html,https://canalizador-urgente.pt/canalizador-urgente-santo-adriao,e_self_ref_ok,
canalizador-urgente-santo-adrião.html,https://canalizador-urgente.pt/canalizador-urgente-santo-adriao,c_money_other_concelho,cible=canalizador-urgente-{slug non-officiel}
canalizador-urgente-santo-aleixo-de-alem-tamega.html,https://canalizador-urgente.pt/canalizador-urgente-santo-aleixo-de-alem-tamega,e_self_ref_ok,
canalizador-urgente-santo-aleixo-de-além-tâmega.html,https://canalizador-urgente.pt/canalizador-urgente-santo-aleixo-de-alem-tamega,c_money_other_concelho,cible=canalizador-urgente-{slug non-officiel}
canalizador-urgente-santo-andre.html,https://canalizador-urgente.pt/canalizador-urgente-santo-andre,e_self_ref_ok,
canalizador-urgente-santo-andré.html,https://canalizador-urgente.pt/canalizador-urgente-santo-andre,c_money_other_concelho,cible=canalizador-urgente-{slug non-officiel}
canalizador-urgente-santo-antonio-de-monforte.html,https://canalizador-urgente.pt/canalizador-urgente-santo-antonio-de-monforte,e_self_ref_ok,
canalizador-urgente-santo-antónio-de-monforte.html,https://canalizador-urgente.pt/canalizador-urgente-santo-antonio-de-monforte,c_money_other_concelho,cible=canalizador-urgente-{slug non-officiel}
canalizador-urgente-santo-estevao.html,https://canalizador-urgente.pt/canalizador-urgente-santo-estevao,e_self_ref_ok,
canalizador-urgente-santo-estêvão.html,https://canalizador-urgente.pt/canalizador-urgente-santo-estevao,c_money_other_concelho,cible=canalizador-urgente-{slug non-officiel}
canalizador-urgente-santulhao.html,https://canalizador-urgente.pt/canalizador-urgente-santulhao,e_self_ref_ok,
canalizador-urgente-santulhão.html,https://canalizador-urgente.pt/canalizador-urgente-santulhao,c_money_other_concelho,cible=canalizador-urgente-{slug non-officiel}
canalizador-urgente-sao-cibrao.html,https://canalizador-urgente.pt/canalizador-urgente-sao-cibrao,e_self_ref_ok,
canalizador-urgente-sao-cosmado.html,https://canalizador-urgente.pt/canalizador-urgente-sao-cosmado,e_self_ref_ok,
canalizador-urgente-sao-cristovao-do-douro.html,https://canalizador-urgente.pt/canalizador-urgente-sao-cristovao-do-douro,e_self_ref_ok,
canalizador-urgente-sao-joao-da-corveira.html,https://canalizador-urgente.pt/canalizador-urgente-sao-joao-da-corveira,e_self_ref_ok,
canalizador-urgente-sao-joao-da-pesqueira.html,https://canalizador-urgente.pt/canalizador-urgente-sao-joao-da-pesqueira,e_self_ref_ok,
canalizador-urgente-sao-joao-de-tarouca.html,https://canalizador-urgente.pt/canalizador-urgente-sao-joao-de-tarouca,e_self_ref_ok,
canalizador-urgente-sao-jomil.html,https://canalizador-urgente.pt/canalizador-urgente-sao-jomil,e_self_ref_ok,
canalizador-urgente-sao-juliao-de-montenegro.html,https://canalizador-urgente.pt/canalizador-urgente-sao-juliao-de-montenegro,e_self_ref_ok,
canalizador-urgente-sao-juliao-de-palacios.html,https://canalizador-urgente.pt/canalizador-urgente-sao-juliao-de-palacios,e_self_ref_ok,
canalizador-urgente-sao-lourenco-de-ribapinhao.html,https://canalizador-urgente.pt/canalizador-urgente-sao-lourenco-de-ribapinhao,e_self_ref_ok,
canalizador-urgente-sao-mamede-de-ribatua.html,https://canalizador-urgente.pt/canalizador-urgente-sao-mamede-de-ribatua,e_self_ref_ok,
canalizador-urgente-sao-martinho-de-angueira.html,https://canalizador-urgente.pt/canalizador-urgente-sao-martinho-de-angueira,e_self_ref_ok,
canalizador-urgente-sao-martinho-de-anta.html,https://canalizador-urgente.pt/canalizador-urgente-sao-martinho-de-anta,e_self_ref_ok,
canalizador-urgente-sao-martinho-de-mouros.html,https://canalizador-urgente.pt/canalizador-urgente-sao-martinho-de-mouros,e_self_ref_ok,
canalizador-urgente-sao-martinho-do-peso.html,https://canalizador-urgente.pt/canalizador-urgente-sao-martinho-do-peso,e_self_ref_ok,
canalizador-urgente-sao-miguel-de-lobrigos.html,https://canalizador-urgente.pt/canalizador-urgente-sao-miguel-de-lobrigos,e_self_ref_ok,
canalizador-urgente-sao-pedro-de-agostem.html,https://canalizador-urgente.pt/canalizador-urgente-sao-pedro-de-agostem,e_self_ref_ok,
canalizador-urgente-sao-pedro-de-sarracenos.html,https://canalizador-urgente.pt/canalizador-urgente-sao-pedro-de-sarracenos,e_self_ref_ok,
canalizador-urgente-sao-pedro-de-vale-do-conde.html,https://canalizador-urgente.pt/canalizador-urgente-sao-pedro-de-vale-do-conde,e_self_ref_ok,
canalizador-urgente-sao-pedro-de-veiga-de-lila.html,https://canalizador-urgente.pt/canalizador-urgente-sao-pedro-de-veiga-de-lila,e_self_ref_ok,
canalizador-urgente-sao-pedro-velho.html,https://canalizador-urgente.pt/canalizador-urgente-sao-pedro-velho,e_self_ref_ok,
canalizador-urgente-sao-salvador.html,https://canalizador-urgente.pt/canalizador-urgente-sao-salvador,e_self_ref_ok,
canalizador-urgente-sao-tome-do-castelo.html,https://canalizador-urgente.pt/canalizador-urgente-sao-tome-do-castelo,e_self_ref_ok,
canalizador-urgente-sao-vicente.html,https://canalizador-urgente.pt/canalizador-urgente-sao-vicente,e_self_ref_ok,
canalizador-urgente-sapiaos.html,https://canalizador-urgente.pt/canalizador-urgente-sapiaos,e_self_ref_ok,
canalizador-urgente-sapiãos.html,https://canalizador-urgente.pt/canalizador-urgente-sapiaos,c_money_other_concelho,cible=canalizador-urgente-{slug non-officiel}
canalizador-urgente-sardao.html,https://canalizador-urgente.pt/canalizador-urgente-sardao,e_self_ref_ok,
canalizador-urgente-sardão.html,https://canalizador-urgente.pt/canalizador-urgente-sardao,c_money_other_concelho,cible=canalizador-urgente-{slug non-officiel}
canalizador-urgente-seixo-de-ansiaes.html,https://canalizador-urgente.pt/canalizador-urgente-seixo-de-ansiaes,e_self_ref_ok,
canalizador-urgente-seixo-de-ansiães.html,https://canalizador-urgente.pt/canalizador-urgente-seixo-de-ansiaes,c_money_other_concelho,cible=canalizador-urgente-{slug non-officiel}
canalizador-urgente-sendim.html,https://canalizador-urgente.pt/canalizador-urgente-sendim,e_self_ref_ok,
canalizador-urgente-senhora-da-penha-de-franca.html,https://canalizador-urgente.pt/canalizador-urgente-senhora-da-penha-de-franca,e_self_ref_ok,
canalizador-urgente-senhora-da-penha-de-frança.html,https://canalizador-urgente.pt/canalizador-urgente-senhora-da-penha-de-franca,c_money_other_concelho,cible=canalizador-urgente-{slug non-officiel}
canalizador-urgente-sernancelhe.html,https://canalizador-urgente.pt/canalizador-urgente-sernancelhe,e_self_ref_ok,
canalizador-urgente-sucaes.html,https://canalizador-urgente.pt/canalizador-urgente-sucaes,e_self_ref_ok,
canalizador-urgente-suçães.html,https://canalizador-urgente.pt/canalizador-urgente-sucaes,c_money_other_concelho,cible=canalizador-urgente-{slug non-officiel}
canalizador-urgente-são-cibrão.html,https://canalizador-urgente.pt/canalizador-urgente-sao-cibrao,c_money_other_concelho,cible=canalizador-urgente-{slug non-officiel}
canalizador-urgente-são-cristóvão-do-douro.html,https://canalizador-urgente.pt/canalizador-urgente-sao-cristovao-do-douro,c_money_other_concelho,cible=canalizador-urgente-{slug non-officiel}
canalizador-urgente-são-jomil.html,https://canalizador-urgente.pt/canalizador-urgente-sao-jomil,c_money_other_concelho,cible=canalizador-urgente-{slug non-officiel}
canalizador-urgente-são-joão-da-corveira.html,https://canalizador-urgente.pt/canalizador-urgente-sao-joao-da-corveira,c_money_other_concelho,cible=canalizador-urgente-{slug non-officiel}
canalizador-urgente-são-joão-da-pesqueira.html,https://canalizador-urgente.pt/canalizador-urgente-sao-joao-da-pesqueira,a_hub_same_concelho,cible = hub urgence concelho officiel
canalizador-urgente-são-julião-de-montenegro.html,https://canalizador-urgente.pt/canalizador-urgente-sao-juliao-de-montenegro,c_money_other_concelho,cible=canalizador-urgente-{slug non-officiel}
canalizador-urgente-são-julião-de-palácios.html,https://canalizador-urgente.pt/canalizador-urgente-sao-juliao-de-palacios,c_money_other_concelho,cible=canalizador-urgente-{slug non-officiel}
canalizador-urgente-são-lourenço-de-ribapinhão.html,https://canalizador-urgente.pt/canalizador-urgente-sao-lourenco-de-ribapinhao,c_money_other_concelho,cible=canalizador-urgente-{slug non-officiel}
canalizador-urgente-são-mamede-de-ribatua.html,https://canalizador-urgente.pt/canalizador-urgente-sao-mamede-de-ribatua,c_money_other_concelho,cible=canalizador-urgente-{slug non-officiel}
canalizador-urgente-são-martinho-de-angueira.html,https://canalizador-urgente.pt/canalizador-urgente-sao-martinho-de-angueira,c_money_other_concelho,cible=canalizador-urgente-{slug non-officiel}
canalizador-urgente-são-martinho-de-anta.html,https://canalizador-urgente.pt/canalizador-urgente-sao-martinho-de-anta,c_money_other_concelho,cible=canalizador-urgente-{slug non-officiel}
canalizador-urgente-são-martinho-do-peso.html,https://canalizador-urgente.pt/canalizador-urgente-sao-martinho-do-peso,c_money_other_concelho,cible=canalizador-urgente-{slug non-officiel}
canalizador-urgente-são-miguel-de-lobrigos.html,https://canalizador-urgente.pt/canalizador-urgente-sao-miguel-de-lobrigos,c_money_other_concelho,cible=canalizador-urgente-{slug non-officiel}
canalizador-urgente-são-pedro-de-agostém.html,https://canalizador-urgente.pt/canalizador-urgente-sao-pedro-de-agostem,c_money_other_concelho,cible=canalizador-urgente-{slug non-officiel}
canalizador-urgente-são-pedro-de-sarracenos.html,https://canalizador-urgente.pt/canalizador-urgente-sao-pedro-de-sarracenos,c_money_other_concelho,cible=canalizador-urgente-{slug non-officiel}
canalizador-urgente-são-pedro-de-vale-do-conde.html,https://canalizador-urgente.pt/canalizador-urgente-sao-pedro-de-vale-do-conde,c_money_other_concelho,cible=canalizador-urgente-{slug non-officiel}
canalizador-urgente-são-pedro-de-veiga-de-lila.html,https://canalizador-urgente.pt/canalizador-urgente-sao-pedro-de-veiga-de-lila,c_money_other_concelho,cible=canalizador-urgente-{slug non-officiel}
canalizador-urgente-são-pedro-velho.html,https://canalizador-urgente.pt/canalizador-urgente-sao-pedro-velho,c_money_other_concelho,cible=canalizador-urgente-{slug non-officiel}
canalizador-urgente-são-salvador.html,https://canalizador-urgente.pt/canalizador-urgente-sao-salvador,c_money_other_concelho,cible=canalizador-urgente-{slug non-officiel}
canalizador-urgente-são-tomé-do-castelo.html,https://canalizador-urgente.pt/canalizador-urgente-sao-tome-do-castelo,c_money_other_concelho,cible=canalizador-urgente-{slug non-officiel}
canalizador-urgente-são-vicente.html,https://canalizador-urgente.pt/canalizador-urgente-sao-vicente,c_money_other_concelho,cible=canalizador-urgente-{slug non-officiel}
canalizador-urgente-tabuaco.html,https://canalizador-urgente.pt/canalizador-urgente-tabuaco,e_self_ref_ok,
canalizador-urgente-tabuaço.html,https://canalizador-urgente.pt/canalizador-urgente-tabuaco,a_hub_same_concelho,cible = hub urgence concelho officiel
canalizador-urgente-tarouca.html,https://canalizador-urgente.pt/canalizador-urgente-tarouca,e_self_ref_ok,
canalizador-urgente-tavora.html,https://canalizador-urgente.pt/canalizador-urgente-tavora,e_self_ref_ok,
canalizador-urgente-tazem.html,https://canalizador-urgente.pt/canalizador-urgente-tazem,e_self_ref_ok,
canalizador-urgente-tazém.html,https://canalizador-urgente.pt/canalizador-urgente-tazem,c_money_other_concelho,cible=canalizador-urgente-{slug non-officiel}
canalizador-urgente-teloes.html,https://canalizador-urgente.pt/canalizador-urgente-teloes,e_self_ref_ok,
canalizador-urgente-telões.html,https://canalizador-urgente.pt/canalizador-urgente-teloes,c_money_other_concelho,cible=canalizador-urgente-{slug non-officiel}
canalizador-urgente-to.html,https://canalizador-urgente.pt/canalizador-urgente-to,e_self_ref_ok,
canalizador-urgente-torre-de-dona-chama.html,https://canalizador-urgente.pt/canalizador-urgente-torre-de-dona-chama,e_self_ref_ok,
canalizador-urgente-torre-de-moncorvo.html,https://canalizador-urgente.pt/canalizador-urgente-torre-de-moncorvo,e_self_ref_ok,
canalizador-urgente-torre-do-pinhao.html,https://canalizador-urgente.pt/canalizador-urgente-torre-do-pinhao,e_self_ref_ok,
canalizador-urgente-torre-do-pinhão.html,https://canalizador-urgente.pt/canalizador-urgente-torre-do-pinhao,c_money_other_concelho,cible=canalizador-urgente-{slug non-officiel}
canalizador-urgente-touca.html,https://canalizador-urgente.pt/canalizador-urgente-touca,e_self_ref_ok,
canalizador-urgente-touça.html,https://canalizador-urgente.pt/canalizador-urgente-touca,c_money_other_concelho,cible=canalizador-urgente-{slug non-officiel}
canalizador-urgente-trevoes.html,https://canalizador-urgente.pt/canalizador-urgente-trevoes,e_self_ref_ok,
canalizador-urgente-trevões.html,https://canalizador-urgente.pt/canalizador-urgente-trevoes,c_money_other_concelho,cible=canalizador-urgente-{slug non-officiel}
canalizador-urgente-távora.html,https://canalizador-urgente.pt/canalizador-urgente-tavora,c_money_other_concelho,cible=canalizador-urgente-{slug non-officiel}
canalizador-urgente-tó.html,https://canalizador-urgente.pt/canalizador-urgente-to,c_money_other_concelho,cible=canalizador-urgente-{slug non-officiel}
canalizador-urgente-urros.html,https://canalizador-urgente.pt/canalizador-urgente-urros,e_self_ref_ok,
canalizador-urgente-urrós.html,https://canalizador-urgente.pt/canalizador-urgente-urros,c_money_other_concelho,cible=canalizador-urgente-{slug non-officiel}
canalizador-urgente-valdigem.html,https://canalizador-urgente.pt/canalizador-urgente-valdigem,e_self_ref_ok,
canalizador-urgente-vale-de-prados.html,https://canalizador-urgente.pt/canalizador-urgente-vale-de-prados,e_self_ref_ok,
canalizador-urgente-valenca-do-douro.html,https://canalizador-urgente.pt/canalizador-urgente-valenca-do-douro,e_self_ref_ok,
canalizador-urgente-valença-do-douro.html,https://canalizador-urgente.pt/canalizador-urgente-valenca-do-douro,c_money_other_concelho,cible=canalizador-urgente-{slug non-officiel}
canalizador-urgente-valpacos.html,https://canalizador-urgente.pt/canalizador-urgente-valpacos,e_self_ref_ok,
canalizador-urgente-varzea-de-trevoes.html,https://canalizador-urgente.pt/canalizador-urgente-varzea-de-trevoes,e_self_ref_ok,
canalizador-urgente-vern.html,https://canalizador-urgente.pt/canalizador-urgente-vern,e_self_ref_ok,
canalizador-urgente-vidago.html,https://canalizador-urgente.pt/canalizador-urgente-vidago,e_self_ref_ok,
canalizador-urgente-vila-boa-de-ousilhao.html,https://canalizador-urgente.pt/canalizador-urgente-vila-boa-de-ousilhao,e_self_ref_ok,
canalizador-urgente-vila-boa-de-ousilhão.html,https://canalizador-urgente.pt/canalizador-urgente-vila-boa-de-ousilhao,c_money_other_concelho,cible=canalizador-urgente-{slug non-officiel}
canalizador-urgente-vila-cha-de-braciosa.html,https://canalizador-urgente.pt/canalizador-urgente-vila-cha-de-braciosa,e_self_ref_ok,
canalizador-urgente-vila-chã-de-braciosa.html,https://canalizador-urgente.pt/canalizador-urgente-vila-cha-de-braciosa,c_money_other_concelho,cible=canalizador-urgente-{slug non-officiel}
canalizador-urgente-vila-flor.html,https://canalizador-urgente.pt/canalizador-urgente-vila-flor,e_self_ref_ok,
canalizador-urgente-vila-franca-das-naves.html,https://canalizador-urgente.pt/canalizador-urgente-vila-franca-das-naves,e_self_ref_ok,
canalizador-urgente-vila-nova-de-foz-coa.html,https://canalizador-urgente.pt/canalizador-urgente-vila-nova-de-foz-coa,e_self_ref_ok,
canalizador-urgente-vila-pouca-de-aguiar.html,https://canalizador-urgente.pt/canalizador-urgente-vila-pouca-de-aguiar,e_self_ref_ok,
canalizador-urgente-vila-real.html,https://canalizador-urgente.pt/canalizador-urgente-vila-real,e_self_ref_ok,
canalizador-urgente-vilar-chao.html,https://canalizador-urgente.pt/canalizador-urgente-vilar-chao,e_self_ref_ok,
canalizador-urgente-vilar-chão.html,https://canalizador-urgente.pt/canalizador-urgente-vilar-chao,c_money_other_concelho,cible=canalizador-urgente-{slug non-officiel}
canalizador-urgente-vilar-de-macada.html,https://canalizador-urgente.pt/canalizador-urgente-vilar-de-macada,e_self_ref_ok,
canalizador-urgente-vilar-de-maçada.html,https://canalizador-urgente.pt/canalizador-urgente-vilar-de-macada,c_money_other_concelho,cible=canalizador-urgente-{slug non-officiel}
canalizador-urgente-vilarandelo.html,https://canalizador-urgente.pt/canalizador-urgente-vilarandelo,e_self_ref_ok,
canalizador-urgente-vilardevos.html,https://canalizador-urgente.pt/canalizador-urgente-vilardevos,e_self_ref_ok,
canalizador-urgente-vilardevós.html,https://canalizador-urgente.pt/canalizador-urgente-vilardevos,c_money_other_concelho,cible=canalizador-urgente-{slug non-officiel}
canalizador-urgente-vilares-da-vilarica.html,https://canalizador-urgente.pt/canalizador-urgente-vilares-da-vilarica,e_self_ref_ok,
canalizador-urgente-vilares-da-vilariça.html,https://canalizador-urgente.pt/canalizador-urgente-vilares-da-vilarica,c_money_other_concelho,cible=canalizador-urgente-{slug non-officiel}
canalizador-urgente-vilarinho-de-agrochao.html,https://canalizador-urgente.pt/canalizador-urgente-vilarinho-de-agrochao,e_self_ref_ok,
canalizador-urgente-vilarinho-de-agrochão.html,https://canalizador-urgente.pt/canalizador-urgente-vilarinho-de-agrochao,c_money_other_concelho,cible=canalizador-urgente-{slug non-officiel}
canalizador-urgente-vilarinho-de-samarda.html,https://canalizador-urgente.pt/canalizador-urgente-vilarinho-de-samarda,e_self_ref_ok,
canalizador-urgente-vilarinho-de-samardã.html,https://canalizador-urgente.pt/canalizador-urgente-vilarinho-de-samarda,c_money_other_concelho,cible=canalizador-urgente-{slug non-officiel}
canalizador-urgente-vilarinho-de-sao-romao.html,https://canalizador-urgente.pt/canalizador-urgente-vilarinho-de-sao-romao,e_self_ref_ok,
canalizador-urgente-vilarinho-de-são-romão.html,https://canalizador-urgente.pt/canalizador-urgente-vilarinho-de-sao-romao,c_money_other_concelho,cible=canalizador-urgente-{slug non-officiel}
canalizador-urgente-vilarino-de-conso.html,https://canalizador-urgente.pt/canalizador-urgente-vilarino-de-conso,e_self_ref_ok,
canalizador-urgente-vilariño-de-conso.html,https://canalizador-urgente.pt/canalizador-urgente-vilarino-de-conso,c_money_other_concelho,cible=canalizador-urgente-{slug non-officiel}
canalizador-urgente-vilela-do-tamega.html,https://canalizador-urgente.pt/canalizador-urgente-vilela-do-tamega,e_self_ref_ok,
canalizador-urgente-vilela-do-tâmega.html,https://canalizador-urgente.pt/canalizador-urgente-vilela-do-tamega,c_money_other_concelho,cible=canalizador-urgente-{slug non-officiel}
canalizador-urgente-vimioso.html,https://canalizador-urgente.pt/canalizador-urgente-vimioso,e_self_ref_ok,
canalizador-urgente-vinhais.html,https://canalizador-urgente.pt/canalizador-urgente-vinhais,e_self_ref_ok,
canalizador-urgente-várzea-de-trevões.html,https://canalizador-urgente.pt/canalizador-urgente-varzea-de-trevoes,c_money_other_concelho,cible=canalizador-urgente-{slug non-officiel}
canalizador-urgente-xinzo-de-limia.html,https://canalizador-urgente.pt/canalizador-urgente-xinzo-de-limia,e_self_ref_ok,
canalizador-urgente-água-revés.html,https://canalizador-urgente.pt/canalizador-urgente-agua-reves,c_money_other_concelho,cible=canalizador-urgente-{slug non-officiel}
canalizador-urgente-águas-frias.html,https://canalizador-urgente.pt/canalizador-urgente-aguas-frias,c_money_other_concelho,cible=canalizador-urgente-{slug non-officiel}
canalizador-urgente-águas-vivas.html,https://canalizador-urgente.pt/canalizador-urgente-aguas-vivas,c_money_other_concelho,cible=canalizador-urgente-{slug non-officiel}
canalizador-urros.html,https://canalizador-urgente.pt/canalizador-urros,e_self_ref_ok,
canalizador-uva.html,https://canalizador-urgente.pt/canalizador-uva,e_self_ref_ok,
canalizador-vacalar.html,https://canalizador-urgente.pt/canalizador-vacalar,e_self_ref_ok,
canalizador-valadares.html,https://canalizador-urgente.pt/canalizador-valadares,e_self_ref_ok,
canalizador-valbom-da-trindade.html,https://canalizador-urgente.pt/canalizador-valbom-da-trindade,e_self_ref_ok,
canalizador-valbom-de-figos.html,https://canalizador-urgente.pt/canalizador-valbom-de-figos,e_self_ref_ok,
canalizador-valdigem.html,https://canalizador-urgente.pt/canalizador-valdigem,e_self_ref_ok,
canalizador-valdrez.html,https://canalizador-urgente.pt/canalizador-valdrez,e_self_ref_ok,
canalizador-valdujo.html,https://canalizador-urgente.pt/canalizador-valdujo,e_self_ref_ok,
canalizador-vale-benfeito.html,https://canalizador-urgente.pt/canalizador-vale-benfeito,e_self_ref_ok,
canalizador-vale-bom-pitez.html,https://canalizador-urgente.pt/canalizador-vale-bom-pitez,e_self_ref_ok,
canalizador-vale-da-madre.html,https://canalizador-urgente.pt/canalizador-vale-da-madre,e_self_ref_ok,
canalizador-vale-da-mula.html,https://canalizador-urgente.pt/canalizador-vale-da-mula,e_self_ref_ok,
canalizador-vale-da-porca.html,https://canalizador-urgente.pt/canalizador-vale-da-porca,e_self_ref_ok,
canalizador-vale-da-sancha.html,https://canalizador-urgente.pt/canalizador-vale-da-sancha,e_self_ref_ok,
canalizador-vale-das-fontes.html,https://canalizador-urgente.pt/canalizador-vale-das-fontes,e_self_ref_ok,
canalizador-vale-de-afonsinho.html,https://canalizador-urgente.pt/canalizador-vale-de-afonsinho,e_self_ref_ok,
canalizador-vale-de-anta.html,https://canalizador-urgente.pt/canalizador-vale-de-anta,e_self_ref_ok,
canalizador-vale-de-asnes.html,https://canalizador-urgente.pt/canalizador-vale-de-asnes,e_self_ref_ok,
canalizador-vale-de-azares.html,https://canalizador-urgente.pt/canalizador-vale-de-azares,e_self_ref_ok,
canalizador-vale-de-casas.html,https://canalizador-urgente.pt/canalizador-vale-de-casas,e_self_ref_ok,
canalizador-vale-de-coelha.html,https://canalizador-urgente.pt/canalizador-vale-de-coelha,e_self_ref_ok,
canalizador-vale-de-couce.html,https://canalizador-urgente.pt/canalizador-vale-de-couce,e_self_ref_ok,
canalizador-vale-de-figueira.html,https://canalizador-urgente.pt/canalizador-vale-de-figueira,e_self_ref_ok,
canalizador-vale-de-frades.html,https://canalizador-urgente.pt/canalizador-vale-de-frades,e_self_ref_ok,
canalizador-vale-de-gouvinhas.html,https://canalizador-urgente.pt/canalizador-vale-de-gouvinhas,e_self_ref_ok,
canalizador-vale-de-janeiro.html,https://canalizador-urgente.pt/canalizador-vale-de-janeiro,e_self_ref_ok,
canalizador-vale-de-juncal.html,https://canalizador-urgente.pt/canalizador-vale-de-juncal,e_self_ref_ok,
canalizador-vale-de-lagoa.html,https://canalizador-urgente.pt/canalizador-vale-de-lagoa,e_self_ref_ok,
canalizador-vale-de-lobo.html,https://canalizador-urgente.pt/canalizador-vale-de-lobo,e_self_ref_ok,
canalizador-vale-de-madeira.html,https://canalizador-urgente.pt/canalizador-vale-de-madeira,e_self_ref_ok,
canalizador-vale-de-madeiro.html,https://canalizador-urgente.pt/canalizador-vale-de-madeiro,e_self_ref_ok,
canalizador-vale-de-maior.html,https://canalizador-urgente.pt/canalizador-vale-de-maior,e_self_ref_ok,
canalizador-vale-de-martinho.html,https://canalizador-urgente.pt/canalizador-vale-de-martinho,e_self_ref_ok,
canalizador-vale-de-mendiz.html,https://canalizador-urgente.pt/canalizador-vale-de-mendiz,e_self_ref_ok,
canalizador-vale-de-nogueira.html,https://canalizador-urgente.pt/canalizador-vale-de-nogueira,e_self_ref_ok,
canalizador-vale-de-nogueiras.html,https://canalizador-urgente.pt/canalizador-vale-de-nogueiras,e_self_ref_ok,
canalizador-vale-de-pareiro.html,https://canalizador-urgente.pt/canalizador-vale-de-pareiro,e_self_ref_ok,
canalizador-vale-de-porco.html,https://canalizador-urgente.pt/canalizador-vale-de-porco,e_self_ref_ok,
canalizador-vale-de-prados.html,https://canalizador-urgente.pt/canalizador-vale-de-prados,e_self_ref_ok,
canalizador-vale-de-salgueiro.html,https://canalizador-urgente.pt/canalizador-vale-de-salgueiro,e_self_ref_ok,
canalizador-vale-de-telhas.html,https://canalizador-urgente.pt/canalizador-vale-de-telhas,e_self_ref_ok,
canalizador-vale-de-vila.html,https://canalizador-urgente.pt/canalizador-vale-de-vila,e_self_ref_ok,
canalizador-vale-do-seixo.html,https://canalizador-urgente.pt/canalizador-vale-do-seixo,e_self_ref_ok,
canalizador-vale-flor.html,https://canalizador-urgente.pt/canalizador-vale-flor,e_self_ref_ok,
canalizador-vale-frechoso.html,https://canalizador-urgente.pt/canalizador-vale-frechoso,e_self_ref_ok,
canalizador-vale-pereiro.html,https://canalizador-urgente.pt/canalizador-vale-pereiro,e_self_ref_ok,
canalizador-vale-pradinhos.html,https://canalizador-urgente.pt/canalizador-vale-pradinhos,e_self_ref_ok,
canalizador-valenca-do-douro.html,https://canalizador-urgente.pt/canalizador-valenca-do-douro,e_self_ref_ok,
canalizador-vales.html,https://canalizador-urgente.pt/canalizador-vales,e_self_ref_ok,
canalizador-valongo-das-meadas.html,https://canalizador-urgente.pt/canalizador-valongo-das-meadas,e_self_ref_ok,
canalizador-valongo-de-milhais.html,https://canalizador-urgente.pt/canalizador-valongo-de-milhais,e_self_ref_ok,
canalizador-valongo-dos-azeites.html,https://canalizador-urgente.pt/canalizador-valongo-dos-azeites,e_self_ref_ok,
canalizador-valongo.html,https://canalizador-urgente.pt/canalizador-valongo,e_self_ref_ok,
canalizador-valoura.html,https://canalizador-urgente.pt/canalizador-valoura,e_self_ref_ok,
canalizador-valpacos.html,https://canalizador-urgente.pt/canalizador-urgente-valpacos,a_hub_same_concelho,cible = hub urgence concelho officiel
canalizador-valtorno.html,https://canalizador-urgente.pt/canalizador-valtorno,e_self_ref_ok,
canalizador-valverde.html,https://canalizador-urgente.pt/canalizador-valverde,e_self_ref_ok,
canalizador-varzea-da-ovelha.html,https://canalizador-urgente.pt/canalizador-varzea-da-ovelha,e_self_ref_ok,
canalizador-varzea-da-serra.html,https://canalizador-urgente.pt/canalizador-varzea-da-serra,e_self_ref_ok,
canalizador-varzea-de-abrunhais.html,https://canalizador-urgente.pt/canalizador-varzea-de-abrunhais,e_self_ref_ok,
canalizador-varzea-de-trevoes.html,https://canalizador-urgente.pt/canalizador-varzea-de-trevoes,e_self_ref_ok,
canalizador-vascoveiro.html,https://canalizador-urgente.pt/canalizador-vascoveiro,e_self_ref_ok,
canalizador-vassal.html,https://canalizador-urgente.pt/canalizador-vassal,e_self_ref_ok,
canalizador-veiga-de-lila.html,https://canalizador-urgente.pt/canalizador-veiga-de-lila,e_self_ref_ok,
canalizador-veigas.html,https://canalizador-urgente.pt/canalizador-veigas,e_self_ref_ok,
canalizador-velosa.html,https://canalizador-urgente.pt/canalizador-velosa,e_self_ref_ok,
canalizador-ventoselo.html,https://canalizador-urgente.pt/canalizador-ventoselo,e_self_ref_ok,
canalizador-vermiosa.html,https://canalizador-urgente.pt/canalizador-vermiosa,e_self_ref_ok,
canalizador-vern.html,https://canalizador-urgente.pt/canalizador-vern,e_self_ref_ok,
canalizador-viade-de-baixo.html,https://canalizador-urgente.pt/canalizador-viade-de-baixo,e_self_ref_ok,
canalizador-viariz.html,https://canalizador-urgente.pt/canalizador-viariz,e_self_ref_ok,
canalizador-vias.html,https://canalizador-urgente.pt/canalizador-vias,e_self_ref_ok,
canalizador-vidago.html,https://canalizador-urgente.pt/canalizador-vidago,e_self_ref_ok,
canalizador-vide-entre-vinhas.html,https://canalizador-urgente.pt/canalizador-vide-entre-vinhas,e_self_ref_ok,
canalizador-viduedo.html,https://canalizador-urgente.pt/canalizador-viduedo,e_self_ref_ok,
canalizador-vila-boa-de-ousilhao.html,https://canalizador-urgente.pt/canalizador-vila-boa-de-ousilhao,e_self_ref_ok,
canalizador-vila-boa-do-mondego.html,https://canalizador-urgente.pt/canalizador-vila-boa-do-mondego,e_self_ref_ok,
canalizador-vila-boa.html,https://canalizador-urgente.pt/canalizador-vila-boa,e_self_ref_ok,
canalizador-vila-caiz.html,https://canalizador-urgente.pt/canalizador-vila-caiz,e_self_ref_ok,
canalizador-vila-cha-da-beira.html,https://canalizador-urgente.pt/canalizador-vila-cha-da-beira,e_self_ref_ok,
canalizador-vila-cha-de-braciosa.html,https://canalizador-urgente.pt/canalizador-vila-cha-de-braciosa,e_self_ref_ok,
canalizador-vila-cha-do-marao.html,https://canalizador-urgente.pt/canalizador-vila-cha-do-marao,e_self_ref_ok,
canalizador-vila-cortes-do-mondego.html,https://canalizador-urgente.pt/canalizador-vila-cortes-do-mondego,e_self_ref_ok,
canalizador-vila-cova.html,https://canalizador-urgente.pt/canalizador-vila-cova,e_self_ref_ok,
canalizador-vila-de-ala.html,https://canalizador-urgente.pt/canalizador-vila-de-ala,e_self_ref_ok,
canalizador-vila-de-rei.html,https://canalizador-urgente.pt/canalizador-vila-de-rei,e_self_ref_ok,
canalizador-vila-flor.html,https://canalizador-urgente.pt/canalizador-vila-flor,e_self_ref_ok,
canalizador-vila-franca-das-naves.html,https://canalizador-urgente.pt/canalizador-vila-franca-das-naves,e_self_ref_ok,
canalizador-vila-franca-do-deao.html,https://canalizador-urgente.pt/canalizador-vila-franca-do-deao,e_self_ref_ok,
canalizador-vila-franca.html,https://canalizador-urgente.pt/canalizador-vila-franca,e_self_ref_ok,
canalizador-vila-garcia.html,https://canalizador-urgente.pt/canalizador-vila-garcia,e_self_ref_ok,
canalizador-vila-jusa.html,https://canalizador-urgente.pt/canalizador-vila-jusa,e_self_ref_ok,
canalizador-vila-marim.html,https://canalizador-urgente.pt/canalizador-vila-marim,e_self_ref_ok,
canalizador-vila-nova-da-rainha.html,https://canalizador-urgente.pt/canalizador-vila-nova-da-rainha,e_self_ref_ok,
canalizador-vila-nova-das-patas.html,https://canalizador-urgente.pt/canalizador-vila-nova-das-patas,e_self_ref_ok,
canalizador-vila-nova-de-foz-coa.html,https://canalizador-urgente.pt/canalizador-vila-nova-de-foz-coa,e_self_ref_ok,
canalizador-vila-nova-de-souto-d-el-rei.html,https://canalizador-urgente.pt/canalizador-vila-nova-de-souto-d-el-rei,e_self_ref_ok,
canalizador-vila-nova.html,https://canalizador-urgente.pt/canalizador-vila-nova,e_self_ref_ok,
canalizador-vila-pouca-de-aguiar.html,https://canalizador-urgente.pt/canalizador-vila-pouca-de-aguiar,e_self_ref_ok,
canalizador-vila-real.html,https://canalizador-urgente.pt/canalizador-vila-real,e_self_ref_ok,
canalizador-vila-verde-da-raia.html,https://canalizador-urgente.pt/canalizador-vila-verde-da-raia,e_self_ref_ok,
canalizador-vila-verde.html,https://canalizador-urgente.pt/canalizador-vila-verde,e_self_ref_ok,
canalizador-vila-verdinho.html,https://canalizador-urgente.pt/canalizador-vila-verdinho,e_self_ref_ok,
canalizador-vilar-chao.html,https://canalizador-urgente.pt/canalizador-vilar-chao,e_self_ref_ok,
canalizador-vilar-de-amargo.html,https://canalizador-urgente.pt/canalizador-vilar-de-amargo,e_self_ref_ok,
canalizador-vilar-de-ferreiros.html,https://canalizador-urgente.pt/canalizador-vilar-de-ferreiros,e_self_ref_ok,
canalizador-vilar-de-ledra.html,https://canalizador-urgente.pt/canalizador-vilar-de-ledra,e_self_ref_ok,
canalizador-vilar-de-lomba.html,https://canalizador-urgente.pt/canalizador-vilar-de-lomba,e_self_ref_ok,
canalizador-vilar-de-macada.html,https://canalizador-urgente.pt/canalizador-vilar-de-macada,e_self_ref_ok,
canalizador-vilar-de-nantes.html,https://canalizador-urgente.pt/canalizador-vilar-de-nantes,e_self_ref_ok,
canalizador-vilar-de-ossos.html,https://canalizador-urgente.pt/canalizador-vilar-de-ossos,e_self_ref_ok,
canalizador-vilar-de-ouro.html,https://canalizador-urgente.pt/canalizador-vilar-de-ouro,e_self_ref_ok,
canalizador-vilar-de-perdizes.html,https://canalizador-urgente.pt/canalizador-vilar-de-perdizes,e_self_ref_ok,
canalizador-vilar-de-peregrinos.html,https://canalizador-urgente.pt/canalizador-vilar-de-peregrinos,e_self_ref_ok,
canalizador-vilar-do-monte.html,https://canalizador-urgente.pt/canalizador-vilar-do-monte,e_self_ref_ok,
canalizador-vilar-douro.html,https://canalizador-urgente.pt/canalizador-vilar-douro,e_self_ref_ok,
canalizador-vilar-seco-de-lomba.html,https://canalizador-urgente.pt/canalizador-vilar-seco-de-lomba,e_self_ref_ok,
canalizador-vilar-seco.html,https://canalizador-urgente.pt/canalizador-vilar-seco,e_self_ref_ok,
canalizador-vilar-torpim.html,https://canalizador-urgente.pt/canalizador-vilar-torpim,e_self_ref_ok,
canalizador-vilarandelo.html,https://canalizador-urgente.pt/canalizador-vilarandelo,e_self_ref_ok,
canalizador-vilardevos.html,https://canalizador-urgente.pt/canalizador-vilardevos,e_self_ref_ok,
canalizador-vilarelho-da-raia.html,https://canalizador-urgente.pt/canalizador-vilarelho-da-raia,e_self_ref_ok,
canalizador-vilarelhos.html,https://canalizador-urgente.pt/canalizador-vilarelhos,e_self_ref_ok,
canalizador-vilares-da-torre.html,https://canalizador-urgente.pt/canalizador-vilares-da-torre,e_self_ref_ok,
canalizador-vilares-da-vilarica.html,https://canalizador-urgente.pt/canalizador-vilares-da-vilarica,e_self_ref_ok,
canalizador-vilarinho-da-castanheira.html,https://canalizador-urgente.pt/canalizador-vilarinho-da-castanheira,e_self_ref_ok,
canalizador-vilarinho-das-azenhas.html,https://canalizador-urgente.pt/canalizador-vilarinho-das-azenhas,e_self_ref_ok,
canalizador-vilarinho-das-paranheiras.html,https://canalizador-urgente.pt/canalizador-vilarinho-das-paranheiras,e_self_ref_ok,
canalizador-vilarinho-de-agrochao.html,https://canalizador-urgente.pt/canalizador-vilarinho-de-agrochao,e_self_ref_ok,
canalizador-vilarinho-de-cotas.html,https://canalizador-urgente.pt/canalizador-vilarinho-de-cotas,e_self_ref_ok,
canalizador-vilarinho-de-samarda.html,https://canalizador-urgente.pt/canalizador-vilarinho-de-samarda,e_self_ref_ok,
canalizador-vilarinho-de-sao-romao.html,https://canalizador-urgente.pt/canalizador-vilarinho-de-sao-romao,e_self_ref_ok,
canalizador-vilarinho-do-monte.html,https://canalizador-urgente.pt/canalizador-vilarinho-do-monte,e_self_ref_ok,
canalizador-vilarinho-dos-freires.html,https://canalizador-urgente.pt/canalizador-vilarinho-dos-freires,e_self_ref_ok,
canalizador-vilarinho-dos-galegos.html,https://canalizador-urgente.pt/canalizador-vilarinho-dos-galegos,e_self_ref_ok,
canalizador-vilarino-de-conso.html,https://canalizador-urgente.pt/canalizador-vilario-de-conso,c_money_other_concelho,cible=autre slug canalizador- non-officiel
canalizador-vilarouco.html,https://canalizador-urgente.pt/canalizador-vilarouco,e_self_ref_ok,
canalizador-vilas-boas.html,https://canalizador-urgente.pt/canalizador-vilas-boas,e_self_ref_ok,
canalizador-vilela-do-tamega.html,https://canalizador-urgente.pt/canalizador-vilela-do-tamega,e_self_ref_ok,
canalizador-vilela-seca.html,https://canalizador-urgente.pt/canalizador-vilela-seca,e_self_ref_ok,
canalizador-vimieiro.html,https://canalizador-urgente.pt/canalizador-vimieiro,e_self_ref_ok,
canalizador-vimioso.html,https://canalizador-urgente.pt/canalizador-vimioso,e_self_ref_ok,
canalizador-vinhais.html,https://canalizador-urgente.pt/canalizador-urgente-vinhais,a_hub_same_concelho,cible = hub urgence concelho officiel
canalizador-vinhas.html,https://canalizador-urgente.pt/canalizador-vinhas,e_self_ref_ok,
canalizador-vinhos.html,https://canalizador-urgente.pt/canalizador-vinhos,e_self_ref_ok,
canalizador-vreia-de-bornes.html,https://canalizador-urgente.pt/canalizador-vreia-de-bornes,e_self_ref_ok,
canalizador-vreia-de-jales.html,https://canalizador-urgente.pt/canalizador-vreia-de-jales,e_self_ref_ok,
canalizador-xinzo-de-limia.html,https://canalizador-urgente.pt/canalizador-xinzo-de-limia,e_self_ref_ok,
canalizador-zedes.html,https://canalizador-urgente.pt/canalizador-zedes,e_self_ref_ok,
canalizador-zoio.html,https://canalizador-urgente.pt/canalizador-zoio,e_self_ref_ok,
